﻿<?xml version="1.0" encoding="utf-8"?>
<abapGit version="v1.0.0" serializer="LCL_OBJECT_DOCT" serializer_version="v1.0.0">
 <asx:abap xmlns:asx="http://www.sap.com/abapxml" version="1.0">
  <asx:values>
   <DOC>
    <HEAD>
     <TDOBJECT>DOKU</TDOBJECT>
     <TDNAME>Z_ALV_WRAPPER_TECH</TDNAME>
     <TDID>TX</TDID>
     <TDSPRAS>E</TDSPRAS>
     <TDFORM>S_DOCU_SHOW</TDFORM>
     <TDSTYLE>S_DOCUS1</TDSTYLE>
     <TDVERSION>00001</TDVERSION>
     <TDLINESIZE>072</TDLINESIZE>
    </HEAD>
    <LINES>
     <TLINE>
      <TDFORMAT>U1</TDFORMAT>
      <TDLINE>The ALV Wrapper Class.</TDLINE>
     </TLINE>
     <TLINE>
      <TDFORMAT>AS</TDFORMAT>
      <TDLINE>This class implements an enhancement to the</TDLINE>
     </TLINE>
     <TLINE>
      <TDLINE>&lt;DS:CL.CL_GUI_ALV_GRID&gt;cl_Gui_Alv_Grid&lt;/&gt; that provides a standard look</TDLINE>
     </TLINE>
     <TLINE>
      <TDLINE>and feel to any ALV Grid that is developed.  This class provides things</TDLINE>
     </TLINE>
     <TLINE>
      <TDLINE>like an HTML header,  standard colouring,  easy event handling, hiding</TDLINE>
     </TLINE>
     <TLINE>
      <TDLINE>various aspects of displaying an ALV Grid such as the field catalogue</TDLINE>
     </TLINE>
     <TLINE>
      <TDLINE>etc etc.</TDLINE>
     </TLINE>
     <TLINE>
      <TDFORMAT>AS</TDFORMAT>
      <TDLINE>This class can be used as is,  or can be extended using standard</TDLINE>
     </TLINE>
     <TLINE>
      <TDLINE>inheritance.</TDLINE>
     </TLINE>
     <TLINE>
      <TDFORMAT>AS</TDFORMAT>
      <TDLINE>This class is implemented by the class ZCL_ALV_WRAPPER.</TDLINE>
     </TLINE>
     <TLINE>
      <TDFORMAT>U2</TDFORMAT>
      <TDLINE>ZCL_ALV_WRAPPER</TDLINE>
     </TLINE>
     <TLINE>
      <TDFORMAT>/:</TDFORMAT>
      <TDLINE>INCLUDE ZSDI_CLS_ALV_WRAPPER_TECH OBJECT DOKU ID TX</TDLINE>
     </TLINE>
     <TLINE>
      <TDFORMAT>U2</TDFORMAT>
      <TDLINE>Data Elements.</TDLINE>
     </TLINE>
     <TLINE>
      <TDFORMAT>AS</TDFORMAT>
      <TDLINE>There are a few data elements defined for this development as follows:</TDLINE>
     </TLINE>
     <TLINE>
      <TDFORMAT>U3</TDFORMAT>
      <TDLINE>ZALV_DESCRIPTION</TDLINE>
     </TLINE>
     <TLINE>
      <TDFORMAT>/:</TDFORMAT>
      <TDLINE>INCLUDE Z_ALV_WRAPPER_DEL_DESCRIPN OBJECT DOKU ID TX</TDLINE>
     </TLINE>
     <TLINE>
      <TDFORMAT>U3</TDFORMAT>
      <TDLINE>ZALV_PRIMARY_PID</TDLINE>
     </TLINE>
     <TLINE>
      <TDFORMAT>/:</TDFORMAT>
      <TDLINE>INCLUDE Z_ALV_WRAPPER_DEL_PPID OBJECT DOKU ID TX</TDLINE>
     </TLINE>
     <TLINE>
      <TDFORMAT>U3</TDFORMAT>
      <TDLINE>ZALV_PRIMARY_ROLL</TDLINE>
     </TLINE>
     <TLINE>
      <TDFORMAT>/:</TDFORMAT>
      <TDLINE>INCLUDE Z_ALV_WRAPPER_DEL_PROLL OBJECT DOKU ID TX</TDLINE>
     </TLINE>
     <TLINE>
      <TDFORMAT>U3</TDFORMAT>
      <TDLINE>ZALV_SECONDARY_CONST</TDLINE>
     </TLINE>
     <TLINE>
      <TDFORMAT>/:</TDFORMAT>
      <TDLINE>INCLUDE Z_ALV_WRAPPER_DEL_SEC_CONST OBJECT DOKU ID TX</TDLINE>
     </TLINE>
     <TLINE>
      <TDFORMAT>U3</TDFORMAT>
      <TDLINE>ZALV_SECONDARY_PID</TDLINE>
     </TLINE>
     <TLINE>
      <TDFORMAT>/:</TDFORMAT>
      <TDLINE>INCLUDE Z_ALV_WRAPPER_DEL_SROLL OBJECT DOKU ID TX</TDLINE>
     </TLINE>
     <TLINE>
      <TDFORMAT>U3</TDFORMAT>
      <TDLINE>ZALV_SECONDARY_ROLL</TDLINE>
     </TLINE>
     <TLINE>
      <TDFORMAT>/:</TDFORMAT>
      <TDLINE>INCLUDE Z_ALV_WRAPPER_DEL_SROLL OBJECT DOKU ID TX</TDLINE>
     </TLINE>
    </LINES>
   </DOC>
  </asx:values>
 </asx:abap>
</abapGit>
