﻿<?xml version="1.0" encoding="utf-8"?>
<abapGit version="v1.0.0" serializer="LCL_OBJECT_DOCT" serializer_version="v1.0.0">
 <asx:abap xmlns:asx="http://www.sap.com/abapxml" version="1.0">
  <asx:values>
   <DOC>
    <HEAD>
     <TDOBJECT>DOKU</TDOBJECT>
     <TDNAME>Z_ALV_WRAPPER_DEL_SEC_CONST</TDNAME>
     <TDID>TX</TDID>
     <TDSPRAS>E</TDSPRAS>
     <TDFORM>S_DOCU_SHOW</TDFORM>
     <TDSTYLE>S_DOCUS1</TDSTYLE>
     <TDVERSION>00001</TDVERSION>
     <TDLINESIZE>072</TDLINESIZE>
    </HEAD>
    <LINES>
     <TLINE>
      <TDFORMAT>U1</TDFORMAT>
      <TDLINE>&amp;DEFINITION&amp;</TDLINE>
     </TLINE>
     <TLINE>
      <TDFORMAT>AS</TDFORMAT>
      <TDLINE>This data element is used during the definition of Hotspots for the</TDLINE>
     </TLINE>
     <TLINE>
      <TDLINE>&lt;DS:CL.ZCL_ALV_WRAPPER&gt;ALV Wrapper&lt;/&gt; and defines a constant that can</TDLINE>
     </TLINE>
     <TLINE>
      <TDLINE>beused as a value for a &lt;DS:DE.ZALV_SECONDARY_PID&gt;PID&lt;/&gt;.</TDLINE>
     </TLINE>
     <TLINE>
      <TDFORMAT>U1</TDFORMAT>
      <TDLINE>&amp;USE&amp;</TDLINE>
     </TLINE>
     <TLINE>
      <TDFORMAT>AS</TDFORMAT>
      <TDLINE>Parameter ID&apos;s are used to reference information stored in the ABAP</TDLINE>
     </TLINE>
     <TLINE>
      <TDLINE>Memory of a session and are generally used for passing information to</TDLINE>
     </TLINE>
     <TLINE>
      <TDLINE>transactions when those transactions are called from another</TDLINE>
     </TLINE>
     <TLINE>
      <TDLINE>transaction.  This field can be used to specify a constant that will be</TDLINE>
     </TLINE>
     <TLINE>
      <TDLINE>used in conjunction with the &lt;DS:DE.ZALV_SECONDARY_ROLL&gt;Data Element&lt;/&gt;</TDLINE>
     </TLINE>
     <TLINE>
      <TDLINE>and the PID if required.</TDLINE>
     </TLINE>
     <TLINE>
      <TDFORMAT>AS</TDFORMAT>
      <TDLINE>This is due to the fact that sopme transactions require a PID with a</TDLINE>
     </TLINE>
     <TLINE>
      <TDLINE>constant value.  A good example of this is transaction</TDLINE>
     </TLINE>
     <TLINE>
      <TDLINE>&lt;DS:TRAN.MM03&gt;MM03&lt;/&gt; in which the PID MAT holds the material number to</TDLINE>
     </TLINE>
     <TLINE>
      <TDLINE>display and MXX holds a constant which defines the screen to display.</TDLINE>
     </TLINE>
     <TLINE>
      <TDFORMAT>U1</TDFORMAT>
      <TDLINE>&amp;DEPENDENCIES&amp;</TDLINE>
     </TLINE>
     <TLINE>
      <TDFORMAT>AS</TDFORMAT>
     </TLINE>
     <TLINE>
      <TDFORMAT>U1</TDFORMAT>
      <TDLINE>&amp;EXAMPLE&amp;</TDLINE>
     </TLINE>
     <TLINE>
      <TDFORMAT>AS</TDFORMAT>
     </TLINE>
    </LINES>
   </DOC>
  </asx:values>
 </asx:abap>
</abapGit>
