﻿<?xml version="1.0" encoding="utf-8"?>
<abapGit version="v1.0.0" serializer="LCL_OBJECT_DOCT" serializer_version="v1.0.0">
 <asx:abap xmlns:asx="http://www.sap.com/abapxml" version="1.0">
  <asx:values>
   <DOC>
    <HEAD>
     <TDOBJECT>DOKU</TDOBJECT>
     <TDNAME>Z_ALV_WRAPPER_DEL_PPID</TDNAME>
     <TDID>TX</TDID>
     <TDSPRAS>E</TDSPRAS>
     <TDFORM>S_DOCU_SHOW</TDFORM>
     <TDSTYLE>S_DOCUS1</TDSTYLE>
     <TDVERSION>00001</TDVERSION>
     <TDLINESIZE>072</TDLINESIZE>
    </HEAD>
    <LINES>
     <TLINE>
      <TDFORMAT>U1</TDFORMAT>
      <TDLINE>&amp;DEFINITION&amp;</TDLINE>
     </TLINE>
     <TLINE>
      <TDFORMAT>AS</TDFORMAT>
      <TDLINE>This data element is used during the definition of Hotspots for the</TDLINE>
     </TLINE>
     <TLINE>
      <TDLINE>&lt;DS:CL.ZCL_ALV_WRAPPER&gt;ALV Wrapper&lt;/&gt; and defines a Parameter ID.</TDLINE>
     </TLINE>
     <TLINE>
      <TDFORMAT>U1</TDFORMAT>
      <TDLINE>&amp;USE&amp;</TDLINE>
     </TLINE>
     <TLINE>
      <TDFORMAT>AS</TDFORMAT>
      <TDLINE>Parameter ID&apos;s are used to reference information stored in the ABAP</TDLINE>
     </TLINE>
     <TLINE>
      <TDLINE>Memory of a session and are generally used for passing information to</TDLINE>
     </TLINE>
     <TLINE>
      <TDLINE>transactions when those transactions are called from another</TDLINE>
     </TLINE>
     <TLINE>
      <TDLINE>transaction.  This PID is used in association with the</TDLINE>
     </TLINE>
     <TLINE>
      <TDLINE>&lt;DS:DE.ZALV_PRIMARY_ROLL&gt;Primary Roll Name&lt;/&gt; which if it exists in the</TDLINE>
     </TLINE>
     <TLINE>
      <TDLINE>output line of the grid, and the hotspot is selected will store the</TDLINE>
     </TLINE>
     <TLINE>
      <TDLINE>value of teh associated field in this PID.</TDLINE>
     </TLINE>
     <TLINE>
      <TDFORMAT>U1</TDFORMAT>
      <TDLINE>&amp;DEPENDENCIES&amp;</TDLINE>
     </TLINE>
     <TLINE>
      <TDFORMAT>AS</TDFORMAT>
     </TLINE>
     <TLINE>
      <TDFORMAT>U1</TDFORMAT>
      <TDLINE>&amp;EXAMPLE&amp;</TDLINE>
     </TLINE>
     <TLINE>
      <TDFORMAT>AS</TDFORMAT>
     </TLINE>
    </LINES>
   </DOC>
  </asx:values>
 </asx:abap>
</abapGit>
