﻿<?xml version="1.0" encoding="utf-8"?>
<abapGit version="v1.0.0" serializer="LCL_OBJECT_DOCT" serializer_version="v1.0.0">
 <asx:abap xmlns:asx="http://www.sap.com/abapxml" version="1.0">
  <asx:values>
   <DOC>
    <HEAD>
     <TDOBJECT>DOKU</TDOBJECT>
     <TDNAME>Z_ALV_WRAPPER_DEL_SROLL</TDNAME>
     <TDID>TX</TDID>
     <TDSPRAS>E</TDSPRAS>
     <TDFORM>S_DOCU_SHOW</TDFORM>
     <TDSTYLE>S_DOCUS1</TDSTYLE>
     <TDVERSION>00001</TDVERSION>
     <TDLINESIZE>072</TDLINESIZE>
    </HEAD>
    <LINES>
     <TLINE>
      <TDFORMAT>U1</TDFORMAT>
      <TDLINE>&amp;DEFINITION&amp;</TDLINE>
     </TLINE>
     <TLINE>
      <TDFORMAT>AS</TDFORMAT>
      <TDLINE>This data element defines a Data Element name or RollName</TDLINE>
     </TLINE>
     <TLINE>
      <TDFORMAT>U1</TDFORMAT>
      <TDLINE>&amp;USE&amp;</TDLINE>
     </TLINE>
     <TLINE>
      <TDFORMAT>AS</TDFORMAT>
      <TDLINE>This data element is used in the definition of Hotspots for the</TDLINE>
     </TLINE>
     <TLINE>
      <TDLINE>&lt;DS:CL.ZCL_ALV_WRAPPER&gt;ALV Wrapper&lt;/&gt; class.  A hotspot is defined by</TDLINE>
     </TLINE>
     <TLINE>
      <TDLINE>the hot spot table &lt;DS:TB.ZALV_HOTSPOTS&gt;ZALV_HOTSPOTS&lt;/&gt;.  If the</TDLINE>
     </TLINE>
     <TLINE>
      <TDLINE>outputline defined to the ALV Wrapper contains a field with a data</TDLINE>
     </TLINE>
     <TLINE>
      <TDLINE>element that is defined as the &lt;DS:DE.ZALV_PRIMARY_ROLL&gt;primary data</TDLINE>
     </TLINE>
     <TLINE>
      <TDLINE>element&lt;/&gt; in one of the table rows then that column may be displayed as</TDLINE>
     </TLINE>
     <TLINE>
      <TDLINE>a hotspot in the grid.</TDLINE>
     </TLINE>
     <TLINE>
      <TDFORMAT>AS</TDFORMAT>
      <TDLINE>This data element defines a secondary rollname or data element name,</TDLINE>
     </TLINE>
     <TLINE>
      <TDLINE> Ifa hotspot definition contains a secondary rollname then the hotspot</TDLINE>
     </TLINE>
     <TLINE>
      <TDLINE>will not be activated unless both data elements are present in the</TDLINE>
     </TLINE>
     <TLINE>
      <TDLINE>display line.</TDLINE>
     </TLINE>
     <TLINE>
      <TDFORMAT>AS</TDFORMAT>
      <TDLINE>May be because the full definition can be dependant on multiple columns</TDLINE>
     </TLINE>
     <TLINE>
      <TDLINE>which are fully desribed in the table documentation.</TDLINE>
     </TLINE>
     <TLINE>
      <TDFORMAT>U1</TDFORMAT>
      <TDLINE>&amp;DEPENDENCIES&amp;</TDLINE>
     </TLINE>
     <TLINE>
      <TDFORMAT>AS</TDFORMAT>
     </TLINE>
     <TLINE>
      <TDFORMAT>U1</TDFORMAT>
      <TDLINE>&amp;EXAMPLE&amp;</TDLINE>
     </TLINE>
    </LINES>
   </DOC>
  </asx:values>
 </asx:abap>
</abapGit>
