﻿<?xml version="1.0" encoding="utf-8"?>
<abapGit version="v1.0.0" serializer="LCL_OBJECT_DOCT" serializer_version="v1.0.0">
 <asx:abap xmlns:asx="http://www.sap.com/abapxml" version="1.0">
  <asx:values>
   <DOC>
    <HEAD>
     <TDOBJECT>DOKU</TDOBJECT>
     <TDNAME>Z_ALV_WRAPPER_TBL_HOTPOTS</TDNAME>
     <TDID>TX</TDID>
     <TDSPRAS>E</TDSPRAS>
     <TDFORM>S_DOCU_SHOW</TDFORM>
     <TDSTYLE>S_DOCUS1</TDSTYLE>
     <TDVERSION>00001</TDVERSION>
     <TDLINESIZE>072</TDLINESIZE>
    </HEAD>
    <LINES>
     <TLINE>
      <TDFORMAT>U1</TDFORMAT>
      <TDLINE>&amp;USE&amp;</TDLINE>
     </TLINE>
     <TLINE>
      <TDFORMAT>AS</TDFORMAT>
      <TDLINE>This table defines hotspots for the</TDLINE>
     </TLINE>
     <TLINE>
      <TDFORMAT>=</TDFORMAT>
      <TDLINE> &lt;DS:CL.ZCL_ALV_WRAPPER&gt;ALV Wrapper&lt;/&gt; class.  A hotspot is a field that</TDLINE>
     </TLINE>
     <TLINE>
      <TDLINE>when clicked performs some other action which is generally displaying</TDLINE>
     </TLINE>
     <TLINE>
      <TDLINE>further information on the field value such as the full material record</TDLINE>
     </TLINE>
     <TLINE>
      <TDLINE>for a material number.</TDLINE>
     </TLINE>
     <TLINE>
      <TDFORMAT>AS</TDFORMAT>
      <TDLINE>Hotspots in the wrapper are defined using the RollName or Data Element</TDLINE>
     </TLINE>
     <TLINE>
      <TDLINE>for a particular domain or object,  This is so that field names which</TDLINE>
     </TLINE>
     <TLINE>
      <TDLINE>are infinately variable do not need to be defined and a whole group of</TDLINE>
     </TLINE>
     <TLINE>
      <TDLINE>fields can be activated as hotspots using a single entry.</TDLINE>
     </TLINE>
     <TLINE>
      <TDFORMAT>AS</TDFORMAT>
      <TDLINE>Each row in the table contains a primary rollname which is mandatory</TDLINE>
     </TLINE>
     <TLINE>
      <TDLINE>anda secondary rollname which is optional.  This enables a scenario</TDLINE>
     </TLINE>
     <TLINE>
      <TDLINE>where two data elements fully define an object to be described.  Also,</TDLINE>
     </TLINE>
     <TLINE>
      <TDLINE>multiple rows can be defined for the same primary rollname allowing</TDLINE>
     </TLINE>
     <TLINE>
      <TDLINE>multiple data elements to be used to define a hotspot.</TDLINE>
     </TLINE>
     <TLINE>
      <TDFORMAT>AS</TDFORMAT>
      <TDLINE>Associated with the Primary and Secondary data elements or rollnames are</TDLINE>
     </TLINE>
     <TLINE>
      <TDLINE>Primary and Secondary PID&apos;s.  These are Parameter or Memory ID&apos;s and</TDLINE>
     </TLINE>
     <TLINE>
      <TDLINE>define the PID in which the value of the field defined by a data</TDLINE>
     </TLINE>
     <TLINE>
      <TDLINE>elementwill be stored in.  There are also two fields for constants so</TDLINE>
     </TLINE>
     <TLINE>
      <TDLINE>for any given PID either a variable or a constant can be defined.</TDLINE>
     </TLINE>
     <TLINE>
      <TDFORMAT>AS</TDFORMAT>
      <TDLINE>During hotspot processing if a hotspot definition has a constant then</TDLINE>
     </TLINE>
     <TLINE>
      <TDLINE>the constant will always take precedence over the value of a field.</TDLINE>
     </TLINE>
     <TLINE>
      <TDFORMAT>U2</TDFORMAT>
      <TDLINE>How Hotspots are defined.</TDLINE>
     </TLINE>
     <TLINE>
      <TDFORMAT>U3</TDFORMAT>
      <TDLINE>Data Elements.</TDLINE>
     </TLINE>
     <TLINE>
      <TDFORMAT>AS</TDFORMAT>
      <TDLINE>During the initialisation of the ALV Wrapper the field catalog for the</TDLINE>
     </TLINE>
     <TLINE>
      <TDLINE>output line is retrieved.  The data elements defining the fields in the</TDLINE>
     </TLINE>
     <TLINE>
      <TDLINE>output line are then compared against the primary data elements in the</TDLINE>
     </TLINE>
     <TLINE>
      <TDLINE>Hotspot definition table.  If a match is found then the secondary</TDLINE>
     </TLINE>
     <TLINE>
      <TDLINE>rollname is examined.  If this is populated then the field catalog is</TDLINE>
     </TLINE>
     <TLINE>
      <TDLINE>searched for that entry.  If matches are found for both entries and</TDLINE>
     </TLINE>
     <TLINE>
      <TDLINE>thisis the only row in the table for the primary data element then the</TDLINE>
     </TLINE>
     <TLINE>
      <TDLINE>field containing the primary data element is defined as a hotspot field.</TDLINE>
     </TLINE>
     <TLINE>
      <TDFORMAT>AS</TDFORMAT>
      <TDLINE>If no secondary Rollname is defined and a match is found for the primary</TDLINE>
     </TLINE>
     <TLINE>
      <TDLINE>data element then again,  the field containing the primary data element</TDLINE>
     </TLINE>
     <TLINE>
      <TDLINE>is shown as a hotspot on the grid.</TDLINE>
     </TLINE>
     <TLINE>
      <TDFORMAT>U4</TDFORMAT>
      <TDLINE>More than two dfata elements.</TDLINE>
     </TLINE>
     <TLINE>
      <TDFORMAT>AS</TDFORMAT>
      <TDLINE>If there are more than two data elements required to define an object</TDLINE>
     </TLINE>
     <TLINE>
      <TDLINE>for a hotspot,  multiple entries can be made for the same primary data</TDLINE>
     </TLINE>
     <TLINE>
      <TDLINE>element but with different secondary data elements.  To enable a hotspot</TDLINE>
     </TLINE>
     <TLINE>
      <TDLINE>there must be columns corresponding to all the defined data elements</TDLINE>
     </TLINE>
     <TLINE>
      <TDLINE>associated with the first primary data element.</TDLINE>
     </TLINE>
     <TLINE>
      <TDFORMAT>AS</TDFORMAT>
      <TDLINE>If a particular field should be defined as a hotspot,  but the required</TDLINE>
     </TLINE>
     <TLINE>
      <TDLINE>value for the hotspot is held in a field that for example is not</TDLINE>
     </TLINE>
     <TLINE>
      <TDLINE>displayed then by defining the primary PID as &apos;ZZZ&apos; the actual value can</TDLINE>
     </TLINE>
     <TLINE>
      <TDLINE>be taken from the field defining the secondary data element.  An example</TDLINE>
     </TLINE>
     <TLINE>
      <TDLINE>would be where a guid is used to define the actual record.  The</TDLINE>
     </TLINE>
     <TLINE>
      <TDLINE>description field can be defined as a hotspot using &apos;ZZZ&apos;,  and the</TDLINE>
     </TLINE>
     <TLINE>
      <TDLINE>secondary rollname defines where the actual value comes from.</TDLINE>
     </TLINE>
     <TLINE>
      <TDFORMAT>AS</TDFORMAT>
      <TDLINE>Also defined in a single row are the PID&apos;s to use,  Primary and</TDLINE>
     </TLINE>
     <TLINE>
      <TDLINE>Secondary Constants,  a transaction code and a description of what the</TDLINE>
     </TLINE>
     <TLINE>
      <TDLINE>row does.</TDLINE>
     </TLINE>
     <TLINE>
      <TDFORMAT>U3</TDFORMAT>
      <TDLINE>Parameter ID&apos;s.</TDLINE>
     </TLINE>
     <TLINE>
      <TDFORMAT>AS</TDFORMAT>
      <TDLINE>There are fields for two parameter ID&apos;s to be defined.  These parameter</TDLINE>
     </TLINE>
     <TLINE>
      <TDLINE>ID&apos;s define the Parameter ID&apos;s in ABAP memory where the valuesof the</TDLINE>
     </TLINE>
     <TLINE>
      <TDLINE>fields defined by the Primary and Secondary rollnames will be stored.</TDLINE>
     </TLINE>
     <TLINE>
      <TDLINE> The values for the PID&apos;s can also be provided by values in the Primary</TDLINE>
     </TLINE>
     <TLINE>
      <TDLINE>and Secondary Constants fields as well.</TDLINE>
     </TLINE>
     <TLINE>
      <TDFORMAT>U3</TDFORMAT>
      <TDLINE>Constants</TDLINE>
     </TLINE>
     <TLINE>
      <TDFORMAT>AS</TDFORMAT>
      <TDLINE>There are two fields to allow the definition of Primary and Secondary</TDLINE>
     </TLINE>
     <TLINE>
      <TDLINE>constants for a PID.  These constants will only be used if there is no</TDLINE>
     </TLINE>
     <TLINE>
      <TDLINE>rollname associated with the constant so this effectively means that</TDLINE>
     </TLINE>
     <TLINE>
      <TDLINE>only secondary PID&apos;s can have a constant since Primary PID&apos;s must always</TDLINE>
     </TLINE>
     <TLINE>
      <TDLINE>have a rollname.</TDLINE>
     </TLINE>
     <TLINE>
      <TDFORMAT>U3</TDFORMAT>
      <TDLINE>Transaction Code.</TDLINE>
     </TLINE>
     <TLINE>
      <TDFORMAT>AS</TDFORMAT>
      <TDLINE>This is the transaction that will be called using the PID&apos;s when the</TDLINE>
     </TLINE>
     <TLINE>
      <TDLINE>hotspot is clicked.  Whilst it is possible to enter a different</TDLINE>
     </TLINE>
     <TLINE>
      <TDLINE>transaction code into a multi line definition,  only the first</TDLINE>
     </TLINE>
     <TLINE>
      <TDLINE>transaction code entered will be used.</TDLINE>
     </TLINE>
     <TLINE>
      <TDFORMAT>U3</TDFORMAT>
      <TDLINE>Description</TDLINE>
     </TLINE>
     <TLINE>
      <TDFORMAT>AS</TDFORMAT>
      <TDLINE>This is a text field desribing what this entry does.</TDLINE>
     </TLINE>
     <TLINE>
      <TDFORMAT>U1</TDFORMAT>
      <TDLINE>&amp;MAINTENANCE&amp;</TDLINE>
     </TLINE>
     <TLINE>
      <TDFORMAT>AS</TDFORMAT>
      <TDLINE>This table is maintained by transaction</TDLINE>
     </TLINE>
     <TLINE>
      <TDFORMAT>=</TDFORMAT>
      <TDLINE> &lt;DS:TRAN.ZALV_HOTSPOTS&gt;ZALV_HOTSPOTS&lt;/&gt;</TDLINE>
     </TLINE>
     <TLINE>
      <TDFORMAT>U1</TDFORMAT>
      <TDLINE>Examples.</TDLINE>
     </TLINE>
     <TLINE>
      <TDFORMAT>AS</TDFORMAT>
      <TDLINE>The table below shows some examples of entries</TDLINE>
     </TLINE>
     <TLINE>
      <TDFORMAT>K4</TDFORMAT>
      <TDLINE>Pri. DE,,Sec. DE,,Pri. PID,,Sec PID,,Pri. Con.,,Sec. Con,,Trans,,Descr</TDLINE>
     </TLINE>
     <TLINE>
      <TDFORMAT>T4</TDFORMAT>
      <TDLINE>MATNR,,,,MAT,,MXX,,K,,MM03,,Display Material</TDLINE>
     </TLINE>
     <TLINE>
      <TDFORMAT>T4</TDFORMAT>
      <TDLINE>VBELN_VA,,,,AUN,,,,,,VA03,,Display Sales Order</TDLINE>
     </TLINE>
     <TLINE>
      <TDFORMAT>T4</TDFORMAT>
      <TDLINE>VBELN_VL,,,,VL,,,,,,VL03N,,Display outbound delivery.</TDLINE>
     </TLINE>
     <TLINE>
      <TDFORMAT>AS</TDFORMAT>
     </TLINE>
    </LINES>
   </DOC>
  </asx:values>
 </asx:abap>
</abapGit>
