﻿<?xml version="1.0" encoding="utf-8"?>
<abapGit version="v1.0.0" serializer="LCL_OBJECT_DTEL" serializer_version="v1.0.0">
 <asx:abap xmlns:asx="http://www.sap.com/abapxml" version="1.0">
  <asx:values>
   <DD04V>
    <ROLLNAME>ZALV_SECONDARY_CONST</ROLLNAME>
    <DDLANGUAGE>E</DDLANGUAGE>
    <DOMNAME>NATXT</DOMNAME>
    <HEADLEN>55</HEADLEN>
    <SCRLEN1>10</SCRLEN1>
    <SCRLEN2>15</SCRLEN2>
    <SCRLEN3>20</SCRLEN3>
    <DDTEXT>ZSDI: ALV Wrapper - Secondary Constant</DDTEXT>
    <REPTEXT>Secondary Constant</REPTEXT>
    <SCRTEXT_S>Secnd. Con</SCRTEXT_S>
    <SCRTEXT_M>Secondary Con.</SCRTEXT_M>
    <SCRTEXT_L>Secondary Constant</SCRTEXT_L>
    <DTELMASTER>E</DTELMASTER>
    <REFKIND>D</REFKIND>
   </DD04V>
  </asx:values>
 </asx:abap>
</abapGit>
