﻿<?xml version="1.0" encoding="utf-8"?>
<abapGit version="v1.0.0" serializer="LCL_OBJECT_DTEL" serializer_version="v1.0.0">
 <asx:abap xmlns:asx="http://www.sap.com/abapxml" version="1.0">
  <asx:values>
   <DD04V>
    <ROLLNAME>ZALV_SECONDARY_ROLL</ROLLNAME>
    <DDLANGUAGE>E</DDLANGUAGE>
    <DOMNAME>ROLLNAME</DOMNAME>
    <HEADLEN>30</HEADLEN>
    <SCRLEN1>10</SCRLEN1>
    <SCRLEN2>17</SCRLEN2>
    <SCRLEN3>22</SCRLEN3>
    <DDTEXT>ZSDI: ALV Wrapper Secondary Hotspot Roll Name</DDTEXT>
    <REPTEXT>Secondary Data element</REPTEXT>
    <SCRTEXT_S>Second. DE</SCRTEXT_S>
    <SCRTEXT_M>Secondary Data El</SCRTEXT_M>
    <SCRTEXT_L>Secondary Data element</SCRTEXT_L>
    <DTELMASTER>E</DTELMASTER>
    <REFKIND>D</REFKIND>
   </DD04V>
  </asx:values>
 </asx:abap>
</abapGit>
