﻿<?xml version="1.0" encoding="utf-8"?>
<abapGit version="v1.0.0" serializer="LCL_OBJECT_DTEL" serializer_version="v1.0.0">
 <asx:abap xmlns:asx="http://www.sap.com/abapxml" version="1.0">
  <asx:values>
   <DD04V>
    <ROLLNAME>ZALV_PRIMARY_PID</ROLLNAME>
    <DDLANGUAGE>E</DDLANGUAGE>
    <DOMNAME>MEMORYID</DOMNAME>
    <HEADLEN>20</HEADLEN>
    <SCRLEN1>10</SCRLEN1>
    <SCRLEN2>15</SCRLEN2>
    <SCRLEN3>20</SCRLEN3>
    <DDTEXT>ZSDI: ALV Grid Primary Parameter ID For Hotspots</DDTEXT>
    <REPTEXT>Primary PID</REPTEXT>
    <SCRTEXT_S>Prim. PID</SCRTEXT_S>
    <SCRTEXT_M>Primary PID</SCRTEXT_M>
    <SCRTEXT_L>Primary PID</SCRTEXT_L>
    <DTELMASTER>E</DTELMASTER>
    <REFKIND>D</REFKIND>
   </DD04V>
  </asx:values>
 </asx:abap>
</abapGit>
