﻿<?xml version="1.0" encoding="utf-8"?>
<abapGit version="v1.0.0" serializer="LCL_OBJECT_DOCT" serializer_version="v1.0.0">
 <asx:abap xmlns:asx="http://www.sap.com/abapxml" version="1.0">
  <asx:values>
   <DOC>
    <HEAD>
     <TDOBJECT>DOKU</TDOBJECT>
     <TDNAME>ZCL_ALV_WRAPPER_BAPL_RES</TDNAME>
     <TDID>TX</TDID>
     <TDSPRAS>E</TDSPRAS>
     <TDFORM>S_DOCU_SHOW</TDFORM>
     <TDSTYLE>S_DOCUS1</TDSTYLE>
     <TDVERSION>00001</TDVERSION>
     <TDLINESIZE>072</TDLINESIZE>
    </HEAD>
    <LINES>
     <TLINE>
      <TDFORMAT>U1</TDFORMAT>
      <TDLINE>&amp;RESULT&amp;</TDLINE>
     </TLINE>
     <TLINE>
      <TDFORMAT>AS</TDFORMAT>
      <TDLINE>The print layout structure is set as follows:</TDLINE>
     </TLINE>
     <TLINE>
      <TDFORMAT>K2</TDFORMAT>
      <TDLINE>Field,,Value,,Meaning</TDLINE>
     </TLINE>
     <TLINE>
      <TDFORMAT>T2</TDFORMAT>
      <TDLINE>Print,,Abap_False,,Do not print immediately.</TDLINE>
     </TLINE>
     <TLINE>
      <TDFORMAT>T2</TDFORMAT>
      <TDLINE>Prnt_Title,,3,,Print the titles of the grid after processing top of page</TDLINE>
     </TLINE>
     <TLINE>
      <TDFORMAT>T2</TDFORMAT>
      <TDLINE>Prnt_Info,,Abap_True,,Print Report information - page, date etc</TDLINE>
     </TLINE>
     <TLINE>
      <TDFORMAT>T2</TDFORMAT>
      <TDLINE>GrpChgEdit,,Abap_True,,Allow user defined page handling at sub totals</TDLINE>
     </TLINE>
     <TLINE>
      <TDFORMAT>T2</TDFORMAT>
      <TDLINE>PrntLstInf,,Abap_True,,Print List Info</TDLINE>
     </TLINE>
     <TLINE>
      <TDFORMAT>T2</TDFORMAT>
      <TDLINE>PrntSelInf,,Abap_True,,Print Seleciton Criteria</TDLINE>
     </TLINE>
     <TLINE>
      <TDFORMAT>T2</TDFORMAT>
      <TDLINE>ReserveLns,,1,,Reserve 1 line at the bottom of each page</TDLINE>
     </TLINE>
     <TLINE>
      <TDFORMAT>T2</TDFORMAT>
      <TDLINE>No_ColWOpt,,Abap_False,,Optimise column widths.</TDLINE>
     </TLINE>
     <TLINE/>
     <TLINE/>
     <TLINE/>
     <TLINE/>
     <TLINE/>
     <TLINE/>
    </LINES>
   </DOC>
  </asx:values>
 </asx:abap>
</abapGit>
