﻿<?xml version="1.0" encoding="utf-8"?>
<abapGit version="v1.0.0" serializer="LCL_OBJECT_DOCT" serializer_version="v1.0.0">
 <asx:abap xmlns:asx="http://www.sap.com/abapxml" version="1.0">
  <asx:values>
   <DOC>
    <HEAD>
     <TDOBJECT>DOKU</TDOBJECT>
     <TDNAME>ZCL_ALV_WRAPPER_OUTPUT_P_FNC</TDNAME>
     <TDID>TX</TDID>
     <TDSPRAS>E</TDSPRAS>
     <TDFORM>S_DOCU_SHOW</TDFORM>
     <TDSTYLE>S_DOCUS1</TDSTYLE>
     <TDVERSION>00001</TDVERSION>
     <TDLINESIZE>072</TDLINESIZE>
    </HEAD>
    <LINES>
     <TLINE>
      <TDFORMAT>U1</TDFORMAT>
     </TLINE>
     <TLINE>
      <TDFORMAT>AS</TDFORMAT>
      <TDLINE>Used in the</TDLINE>
     </TLINE>
     <TLINE>
      <TDLINE>&lt;DS:CO.ZCL_ALV_WRAPPER               HANDLE_TOP_OF_PAGE&gt;TOP_OF_PAGE&lt;/&gt;</TDLINE>
     </TLINE>
     <TLINE>
      <TDLINE>event handler, this method writes the program parameters to the dynamic</TDLINE>
     </TLINE>
     <TLINE>
      <TDLINE>document that makes up the Parameters table in the header pane of the</TDLINE>
     </TLINE>
     <TLINE>
      <TDLINE>ALV Grid.  This Method relies on method</TDLINE>
     </TLINE>
     <TLINE>
      <TDLINE>&lt;DS:CO.ZCL_ALV_WRAPPER               GET_FIELD_VALUE&gt;Get_Field_Value&lt;/&gt;</TDLINE>
     </TLINE>
     <TLINE>
      <TDLINE>to provide a value and description for the entries in the table.</TDLINE>
     </TLINE>
     <TLINE>
      <TDFORMAT>AS</TDFORMAT>
      <TDLINE>The Get_Field_Value can, in the description field return a value of</TDLINE>
     </TLINE>
     <TLINE>
      <TDLINE>Me-&gt;Get_Ignore_Parameter( ) which then causes the entire parameter</TDLINE>
     </TLINE>
     <TLINE>
      <TDLINE>entryto be discarded.</TDLINE>
     </TLINE>
    </LINES>
   </DOC>
  </asx:values>
 </asx:abap>
</abapGit>
