﻿<?xml version="1.0" encoding="utf-8"?>
<abapGit version="v1.0.0" serializer="LCL_OBJECT_DOCT" serializer_version="v1.0.0">
 <asx:abap xmlns:asx="http://www.sap.com/abapxml" version="1.0">
  <asx:values>
   <DOC>
    <HEAD>
     <TDOBJECT>DOKU</TDOBJECT>
     <TDNAME>ZCL_ALV_WRAPPER_HAOC_FUNC</TDNAME>
     <TDID>TX</TDID>
     <TDSPRAS>E</TDSPRAS>
     <TDFORM>S_DOCU_SHOW</TDFORM>
     <TDSTYLE>S_DOCUS1</TDSTYLE>
     <TDVERSION>00001</TDVERSION>
     <TDLINESIZE>072</TDLINESIZE>
    </HEAD>
    <LINES>
     <TLINE>
      <TDFORMAT>U1</TDFORMAT>
      <TDLINE>&amp;FUNCTIONALITY&amp;</TDLINE>
     </TLINE>
     <TLINE>
      <TDFORMAT>AS</TDFORMAT>
      <TDLINE>This method is the event handler for the ONDROPCOMPLETE event of the</TDLINE>
     </TLINE>
     <TLINE>
      <TDLINE>&lt;DS:CL.CL_GUI_ALV_GRID&gt;cl_Gui_Alv_Grid&lt;/&gt; class.  This event is raised</TDLINE>
     </TLINE>
     <TLINE>
      <TDLINE>when a drag and drop operation has been completed (ie the</TDLINE>
     </TLINE>
     <TLINE>
      <TDLINE>&lt;DS:CO.ZCL_ALV_WRAPPER               HANDLE_ONDROP&gt;OnDrop&lt;/&gt; event has</TDLINE>
     </TLINE>
     <TLINE>
      <TDLINE>been raised and returned.)</TDLINE>
     </TLINE>
     <TLINE>
      <TDFORMAT>AS</TDFORMAT>
      <TDLINE>This method should be redefined to handle the completion of the Drag</TDLINE>
     </TLINE>
     <TLINE>
      <TDLINE>AndDrop operation for the local application.  For example, if the Drag</TDLINE>
     </TLINE>
     <TLINE>
      <TDLINE>and Drop functionality is a Move operation where some source data is</TDLINE>
     </TLINE>
     <TLINE>
      <TDLINE>copied to a target location and then removed from the source</TDLINE>
     </TLINE>
     <TLINE>
      <TDLINE>locationthis method would handle the removal of the data from the</TDLINE>
     </TLINE>
     <TLINE>
      <TDLINE>sourcelocation.</TDLINE>
     </TLINE>
    </LINES>
   </DOC>
  </asx:values>
 </asx:abap>
</abapGit>
