﻿<?xml version="1.0" encoding="utf-8"?>
<abapGit version="v1.0.0" serializer="LCL_OBJECT_DOCT" serializer_version="v1.0.0">
 <asx:abap xmlns:asx="http://www.sap.com/abapxml" version="1.0">
  <asx:values>
   <DOC>
    <HEAD>
     <TDOBJECT>DOKU</TDOBJECT>
     <TDNAME>ZCL_ALV_WRAPPER_INGC_FUNC</TDNAME>
     <TDID>TX</TDID>
     <TDSPRAS>E</TDSPRAS>
     <TDFORM>S_DOCU_SHOW</TDFORM>
     <TDSTYLE>S_DOCUS1</TDSTYLE>
     <TDVERSION>00001</TDVERSION>
     <TDLINESIZE>072</TDLINESIZE>
    </HEAD>
    <LINES>
     <TLINE>
      <TDFORMAT>U1</TDFORMAT>
      <TDLINE>&amp;FUNCTIONALITY&amp;</TDLINE>
     </TLINE>
     <TLINE>
      <TDFORMAT>AS</TDFORMAT>
      <TDLINE>The ALV Wrapper has the ability to colour individual cells and rows on</TDLINE>
     </TLINE>
     <TLINE>
      <TDLINE>the grid.  This final method initialises the colour scheme to be used</TDLINE>
     </TLINE>
     <TLINE>
      <TDLINE>from a base colour which defines the dark part of a zebra striped row</TDLINE>
     </TLINE>
     <TLINE>
      <TDLINE>ona grid.  This is explained further in the documentation for the</TDLINE>
     </TLINE>
     <TLINE>
      <TDLINE>&lt;DS:CA.ZCL_ALV_WRAPPER               _BASIC_ROW_COLOUR&gt;_Basic_Row_Colour</TDLINE>
     </TLINE>
     <TLINE>
      <TDFORMAT>=</TDFORMAT>
      <TDLINE>&lt;/&gt; attribute.</TDLINE>
     </TLINE>
    </LINES>
   </DOC>
  </asx:values>
 </asx:abap>
</abapGit>
