﻿<?xml version="1.0" encoding="utf-8"?>
<abapGit version="v1.0.0" serializer="LCL_OBJECT_DOCT" serializer_version="v1.0.0">
 <asx:abap xmlns:asx="http://www.sap.com/abapxml" version="1.0">
  <asx:values>
   <DOC>
    <HEAD>
     <TDOBJECT>DOKU</TDOBJECT>
     <TDNAME>ZCL_ALV_WRAPPER_INIT_H_RES</TDNAME>
     <TDID>TX</TDID>
     <TDSPRAS>E</TDSPRAS>
     <TDFORM>S_DOCU_SHOW</TDFORM>
     <TDSTYLE>S_DOCUS1</TDSTYLE>
     <TDVERSION>00001</TDVERSION>
     <TDLINESIZE>072</TDLINESIZE>
    </HEAD>
    <LINES>
     <TLINE>
      <TDFORMAT>U1</TDFORMAT>
      <TDLINE>&amp;RESULT&amp;</TDLINE>
     </TLINE>
     <TLINE>
      <TDFORMAT>AS</TDFORMAT>
      <TDLINE>If any of the fields in the ALV grid being displayed are specified as</TDLINE>
     </TLINE>
     <TLINE>
      <TDLINE>hotspots then the HOTSPOT field of the field catalog (structure</TDLINE>
     </TLINE>
     <TLINE>
      <TDLINE>&lt;DS:TB.LVC_S_FCAT&gt;LVC_S_FCAT&lt;/&gt; is set to true and the EMPHASIZE field</TDLINE>
     </TLINE>
     <TLINE>
      <TDLINE>of the same structure is set to a colour code (currently light yellow</TDLINE>
     </TLINE>
     <TLINE>
      <TDLINE>but this may change).</TDLINE>
     </TLINE>
     <TLINE>
      <TDFORMAT>AS</TDFORMAT>
      <TDLINE>However,  if the field is also specified as an input field then the</TDLINE>
     </TLINE>
     <TLINE>
      <TDLINE>hotspot functionality is turned off since trying to access the field</TDLINE>
     </TLINE>
     <TLINE>
      <TDLINE>with the mouse to type something into it would be a bit frustrating.</TDLINE>
     </TLINE>
    </LINES>
   </DOC>
  </asx:values>
 </asx:abap>
</abapGit>
