﻿<?xml version="1.0" encoding="utf-8"?>
<abapGit version="v1.0.0" serializer="LCL_OBJECT_DOCT" serializer_version="v1.0.0">
 <asx:abap xmlns:asx="http://www.sap.com/abapxml" version="1.0">
  <asx:values>
   <DOC>
    <HEAD>
     <TDOBJECT>DOKU</TDOBJECT>
     <TDNAME>ZCL_ALV_WRAPPER_CHIC_FUNC</TDNAME>
     <TDID>TX</TDID>
     <TDSPRAS>E</TDSPRAS>
     <TDFORM>S_DOCU_SHOW</TDFORM>
     <TDSTYLE>S_DOCUS1</TDSTYLE>
     <TDVERSION>00001</TDVERSION>
     <TDLINESIZE>072</TDLINESIZE>
    </HEAD>
    <LINES>
     <TLINE>
      <TDFORMAT>U1</TDFORMAT>
      <TDLINE>&amp;FUNCTIONALITY&amp;</TDLINE>
     </TLINE>
     <TLINE>
      <TDFORMAT>AS</TDFORMAT>
      <TDLINE>If cell colouring is enabled in the grid (ie the layout contains a</TDLINE>
     </TLINE>
     <TLINE>
      <TDLINE>valuein CTAB_FNAME),  then the grid is coloured automatically starting</TDLINE>
     </TLINE>
     <TLINE>
      <TDLINE>from a&lt;DS:CA.ZCL_ALV_WRAPPER               _BASIC_ROW_COLOUR&gt;Base colour</TDLINE>
     </TLINE>
     <TLINE>
      <TDFORMAT>=</TDFORMAT>
      <TDLINE>&lt;/&gt;</TDLINE>
     </TLINE>
     <TLINE>
      <TDFORMAT>=</TDFORMAT>
      <TDLINE> which can be changed using the SET_BASIC_ROW_COLOUR method prior to</TDLINE>
     </TLINE>
     <TLINE>
      <TDLINE>displaying the table for the first time.</TDLINE>
     </TLINE>
     <TLINE>
      <TDFORMAT>AS</TDFORMAT>
      <TDLINE>This method checks the colour specified for any clashes,  currently only</TDLINE>
     </TLINE>
     <TLINE>
      <TDLINE>for currency fields which will be coloured Red or Green dependant on the</TDLINE>
     </TLINE>
     <TLINE>
      <TDLINE>debit/credit indicator.  If there are any clashes with these colours and</TDLINE>
     </TLINE>
     <TLINE>
      <TDLINE>the basic row colour then the basic row colour is changed to one that</TDLINE>
     </TLINE>
     <TLINE>
      <TDLINE>does not clash.</TDLINE>
     </TLINE>
    </LINES>
   </DOC>
  </asx:values>
 </asx:abap>
</abapGit>
