﻿<?xml version="1.0" encoding="utf-8"?>
<abapGit version="v1.0.0" serializer="LCL_OBJECT_DOCT" serializer_version="v1.0.0">
 <asx:abap xmlns:asx="http://www.sap.com/abapxml" version="1.0">
  <asx:values>
   <DOC>
    <HEAD>
     <TDOBJECT>DOKU</TDOBJECT>
     <TDNAME>ZCL_ALV_WRAPPER_INGC_PAR</TDNAME>
     <TDID>TX</TDID>
     <TDSPRAS>E</TDSPRAS>
     <TDFORM>S_DOCU_SHOW</TDFORM>
     <TDSTYLE>S_DOCUS1</TDSTYLE>
     <TDVERSION>00001</TDVERSION>
     <TDLINESIZE>072</TDLINESIZE>
    </HEAD>
    <LINES>
     <TLINE>
      <TDFORMAT>U1</TDFORMAT>
      <TDLINE>&amp;PARAMETERS&amp;</TDLINE>
     </TLINE>
     <TLINE>
      <TDFORMAT>AS</TDFORMAT>
      <TDLINE>There are four exporting parameters used by this method.</TDLINE>
     </TLINE>
     <TLINE>
      <TDFORMAT>K3</TDFORMAT>
      <TDLINE>Name,,Type,,Definition,,Meaning</TDLINE>
     </TLINE>
     <TLINE>
      <TDFORMAT>T3</TDFORMAT>
      <TDLINE>es_Colour_State_1,,Exporting,,Row_Colouring,,The row colour to be used</TDLINE>
     </TLINE>
     <TLINE>
      <TDLINE>for the darker row in a zebra colour scheme.</TDLINE>
     </TLINE>
     <TLINE>
      <TDFORMAT>T3</TDFORMAT>
      <TDLINE>es_Colour_State_2,,Exporting,,Row_Colouring,,The row colouring to be</TDLINE>
     </TLINE>
     <TLINE>
      <TDLINE>used for the lighter row in a zebra colour scheme.</TDLINE>
     </TLINE>
     <TLINE>
      <TDFORMAT>T3</TDFORMAT>
      <TDLINE>es_Input_Colour,,Exporting,,Cell_Colour_Struc,,The colour to be used</TDLINE>
     </TLINE>
     <TLINE>
      <TDLINE>foran input enabled cell.</TDLINE>
     </TLINE>
     <TLINE>
      <TDFORMAT>T3</TDFORMAT>
      <TDLINE>es_Hotspot_Colour,,Exporting,,Cell_Colour_Struc,,The colour to be used</TDLINE>
     </TLINE>
     <TLINE>
      <TDLINE>for a hotspot enabled cell.</TDLINE>
     </TLINE>
     <TLINE>
      <TDFORMAT>AS</TDFORMAT>
      <TDLINE>There are two types of colour definitions in use here,  imposed by the</TDLINE>
     </TLINE>
     <TLINE>
      <TDLINE>ALV grid class:</TDLINE>
     </TLINE>
     <TLINE>
      <TDFORMAT>B1</TDFORMAT>
      <TDLINE>Row_Colouring</TDLINE>
     </TLINE>
     <TLINE>
      <TDFORMAT>/</TDFORMAT>
      <TDLINE>This colour scheme is the scheme used to define the colour to be used</TDLINE>
     </TLINE>
     <TLINE>
      <TDLINE>byentire rows or when defined as the Emphasized colour in the field</TDLINE>
     </TLINE>
     <TLINE>
      <TDLINE>catalog for a specific column.  The structure is defined by the</TDLINE>
     </TLINE>
     <TLINE>
      <TDLINE>ZCOL_STRUC structure and has the following fields:</TDLINE>
     </TLINE>
     <TLINE>
      <TDFORMAT>B2</TDFORMAT>
      <TDLINE>Colour_Identifier.  A single character - always &apos;C&apos;,</TDLINE>
     </TLINE>
     <TLINE>
      <TDFORMAT>B2</TDFORMAT>
      <TDLINE>Colour_Code. A single character from &apos;1&apos; to &apos;7&apos;,  defined by the</TDLINE>
     </TLINE>
     <TLINE>
      <TDLINE>ZCOL_CODE_* constants.</TDLINE>
     </TLINE>
     <TLINE>
      <TDFORMAT>B2</TDFORMAT>
      <TDLINE>Intensity.  Whether the colour is intense or not.  A single character</TDLINE>
     </TLINE>
     <TLINE>
      <TDLINE>defined by the zCol_Intensity_On and zCol_Intensity_Off values.</TDLINE>
     </TLINE>
     <TLINE>
      <TDFORMAT>B2</TDFORMAT>
      <TDLINE>Inverse.  Where the colour is inverted or not.  A single character</TDLINE>
     </TLINE>
     <TLINE>
      <TDLINE>defined by the zCol_Inverse_On and zCol_Inverse_Off constants.</TDLINE>
     </TLINE>
     <TLINE>
      <TDFORMAT>AS</TDFORMAT>
      <TDLINE>The Cell_Colour_Struc is a structure defined by the dictionary element</TDLINE>
     </TLINE>
     <TLINE>
      <TDLINE>LVC_S_COLO which contains the fields COL for the colour code, INT and</TDLINE>
     </TLINE>
     <TLINE>
      <TDLINE>INV for intentisty and Inverse.  These fields are numeric rather than</TDLINE>
     </TLINE>
     <TLINE>
      <TDLINE>strings.</TDLINE>
     </TLINE>
    </LINES>
   </DOC>
  </asx:values>
 </asx:abap>
</abapGit>
