﻿<?xml version="1.0" encoding="utf-8"?>
<abapGit version="v1.0.0" serializer="LCL_OBJECT_DOCT" serializer_version="v1.0.0">
 <asx:abap xmlns:asx="http://www.sap.com/abapxml" version="1.0">
  <asx:values>
   <DOC>
    <HEAD>
     <TDOBJECT>DOKU</TDOBJECT>
     <TDNAME>ZCL_ALV_WRAPPER_BUCM_PAR</TDNAME>
     <TDID>TX</TDID>
     <TDSPRAS>E</TDSPRAS>
     <TDFORM>S_DOCU_SHOW</TDFORM>
     <TDSTYLE>S_DOCUS1</TDSTYLE>
     <TDVERSION>00001</TDVERSION>
     <TDLINESIZE>072</TDLINESIZE>
    </HEAD>
    <LINES>
     <TLINE>
      <TDFORMAT>U1</TDFORMAT>
      <TDLINE>&amp;PARAMETERS&amp;</TDLINE>
     </TLINE>
     <TLINE>
      <TDFORMAT>AS</TDFORMAT>
      <TDLINE>There are three parameters defined:</TDLINE>
     </TLINE>
     <TLINE>
      <TDFORMAT>K3</TDFORMAT>
      <TDLINE>Parameter,,Type,,Definition,,Meaning</TDLINE>
     </TLINE>
     <TLINE>
      <TDFORMAT>T3</TDFORMAT>
      <TDLINE>i_UComm,,Importing,,UiFunc,,The User command (or fieldname) that</TDLINE>
     </TLINE>
     <TLINE>
      <TDLINE>generated the event.</TDLINE>
     </TLINE>
     <TLINE>
      <TDFORMAT>T3</TDFORMAT>
      <TDLINE>i_Menu,,Importing,,My_Context_Menu,,A context menu object - this is</TDLINE>
     </TLINE>
     <TLINE>
      <TDLINE>where the menu is stored.</TDLINE>
     </TLINE>
     <TLINE>
      <TDFORMAT>T3</TDFORMAT>
      <TDLINE>i_Value,,Importing,,Natural_Text..The value of the cell that generated</TDLINE>
     </TLINE>
     <TLINE>
      <TDLINE>the event.</TDLINE>
     </TLINE>
     <TLINE/>
     <TLINE/>
     <TLINE/>
     <TLINE/>
     <TLINE/>
     <TLINE/>
     <TLINE/>
     <TLINE/>
     <TLINE/>
     <TLINE/>
     <TLINE/>
     <TLINE/>
     <TLINE/>
    </LINES>
   </DOC>
  </asx:values>
 </asx:abap>
</abapGit>
