﻿<?xml version="1.0" encoding="utf-8"?>
<abapGit version="v1.0.0" serializer="LCL_OBJECT_DOCT" serializer_version="v1.0.0">
 <asx:abap xmlns:asx="http://www.sap.com/abapxml" version="1.0">
  <asx:values>
   <DOC>
    <HEAD>
     <TDOBJECT>DOKU</TDOBJECT>
     <TDNAME>ZCL_ALV_WRAPPER_SECS_PAR</TDNAME>
     <TDID>TX</TDID>
     <TDSPRAS>E</TDSPRAS>
     <TDFORM>S_DOCU_SHOW</TDFORM>
     <TDSTYLE>S_DOCUS1</TDSTYLE>
     <TDVERSION>00001</TDVERSION>
     <TDLINESIZE>072</TDLINESIZE>
    </HEAD>
    <LINES>
     <TLINE>
      <TDFORMAT>U1</TDFORMAT>
      <TDLINE>&amp;PARAMETERS&amp;</TDLINE>
     </TLINE>
     <TLINE>
      <TDFORMAT>AS</TDFORMAT>
      <TDLINE>There are four parameters for this method:</TDLINE>
     </TLINE>
     <TLINE>
      <TDFORMAT>B1</TDFORMAT>
      <TDLINE>Row</TDLINE>
     </TLINE>
     <TLINE>
      <TDFORMAT>B1</TDFORMAT>
      <TDLINE>Col</TDLINE>
     </TLINE>
     <TLINE>
      <TDFORMAT>B1</TDFORMAT>
      <TDLINE>Style</TDLINE>
     </TLINE>
     <TLINE>
      <TDFORMAT>B1</TDFORMAT>
      <TDLINE>Style2</TDLINE>
     </TLINE>
     <TLINE>
      <TDFORMAT>U2</TDFORMAT>
      <TDLINE>Row.</TDLINE>
     </TLINE>
     <TLINE>
      <TDFORMAT>AS</TDFORMAT>
      <TDLINE>This is a mandatory parameter and defines the row number that this style</TDLINE>
     </TLINE>
     <TLINE>
      <TDLINE>is to be applied to.  This parameter must be supplied but can be</TDLINE>
     </TLINE>
     <TLINE>
      <TDLINE>initial.</TDLINE>
     </TLINE>
     <TLINE>
      <TDFORMAT>U2</TDFORMAT>
      <TDLINE>Col.</TDLINE>
     </TLINE>
     <TLINE>
      <TDFORMAT>AS</TDFORMAT>
      <TDLINE>The column number that the style is to be applied to.  Again,  like the</TDLINE>
     </TLINE>
     <TLINE>
      <TDLINE>row number,  this parameter is mandatory but can be initial.</TDLINE>
     </TLINE>
     <TLINE>
      <TDFORMAT>U2</TDFORMAT>
      <TDLINE>Style</TDLINE>
     </TLINE>
     <TLINE>
      <TDFORMAT>AS</TDFORMAT>
      <TDLINE>This mandatory parameter is the style that should be applied and is</TDLINE>
     </TLINE>
     <TLINE>
      <TDLINE>defined as a series of public constants in the wrapper class that start</TDLINE>
     </TLINE>
     <TLINE>
      <TDLINE>with ALV_COL_STYLE or ALV_STYLE.  These styles are bit-wise additive so</TDLINE>
     </TLINE>
     <TLINE>
      <TDLINE>multiple styles can be assigned to a cell by adding the styles together.</TDLINE>
     </TLINE>
     <TLINE>
      <TDFORMAT>U2</TDFORMAT>
      <TDLINE>Style2</TDLINE>
     </TLINE>
     <TLINE>
      <TDFORMAT>AS</TDFORMAT>
      <TDLINE>An optional Style argument to allow a subsidiary style to be applied.</TDLINE>
     </TLINE>
    </LINES>
   </DOC>
  </asx:values>
 </asx:abap>
</abapGit>
