﻿<?xml version="1.0" encoding="utf-8"?>
<abapGit version="v1.0.0" serializer="LCL_OBJECT_DOCT" serializer_version="v1.0.0">
 <asx:abap xmlns:asx="http://www.sap.com/abapxml" version="1.0">
  <asx:values>
   <DOC>
    <HEAD>
     <TDOBJECT>DOKU</TDOBJECT>
     <TDNAME>ZCL_ALV_WRAPPER_MAPIC_FUNC</TDNAME>
     <TDID>TX</TDID>
     <TDSPRAS>E</TDSPRAS>
     <TDFORM>S_DOCU_SHOW</TDFORM>
     <TDSTYLE>S_DOCUS1</TDSTYLE>
     <TDVERSION>00001</TDVERSION>
     <TDLINESIZE>072</TDLINESIZE>
    </HEAD>
    <LINES>
     <TLINE>
      <TDFORMAT>U1</TDFORMAT>
      <TDLINE>&amp;FUNCTIONALITY&amp;</TDLINE>
     </TLINE>
     <TLINE>
      <TDFORMAT>AS</TDFORMAT>
      <TDLINE>If cell colouring is enabled (field CTAB_FNAME is populated in the</TDLINE>
     </TLINE>
     <TLINE>
      <TDLINE>layout) then the alv grid is coloured to a basic colour scheme</TDLINE>
     </TLINE>
     <TLINE>
      <TDLINE>determined by a</TDLINE>
     </TLINE>
     <TLINE>
      <TDLINE>&lt;DS:CA.ZCL_ALV_WRAPPER               _BASIC_ROW_COLOUR&gt;Basic Colour&lt;/&gt;.</TDLINE>
     </TLINE>
     <TLINE>
      <TDFORMAT>AS</TDFORMAT>
      <TDLINE>This method determines the colour to use from the basic row colour</TDLINE>
     </TLINE>
     <TLINE>
      <TDLINE>by basically making the Inverse and Intense values the opposite to</TDLINE>
     </TLINE>
     <TLINE>
      <TDLINE>the basic row colour.</TDLINE>
     </TLINE>
     <TLINE/>
     <TLINE/>
     <TLINE/>
     <TLINE/>
     <TLINE/>
     <TLINE/>
     <TLINE/>
     <TLINE/>
     <TLINE/>
     <TLINE/>
     <TLINE/>
     <TLINE/>
     <TLINE/>
    </LINES>
   </DOC>
  </asx:values>
 </asx:abap>
</abapGit>
