﻿<?xml version="1.0" encoding="utf-8"?>
<abapGit version="v1.0.0" serializer="LCL_OBJECT_DOCT" serializer_version="v1.0.0">
 <asx:abap xmlns:asx="http://www.sap.com/abapxml" version="1.0">
  <asx:values>
   <DOC>
    <HEAD>
     <TDOBJECT>DOKU</TDOBJECT>
     <TDNAME>ZCL_ALV_WRAPPER_BUFC_FUNC</TDNAME>
     <TDID>TX</TDID>
     <TDSPRAS>E</TDSPRAS>
     <TDFORM>S_DOCU_SHOW</TDFORM>
     <TDSTYLE>S_DOCUS1</TDSTYLE>
     <TDVERSION>00001</TDVERSION>
     <TDLINESIZE>072</TDLINESIZE>
    </HEAD>
    <LINES>
     <TLINE>
      <TDFORMAT>U1</TDFORMAT>
      <TDLINE>&amp;FUNCTIONALITY&amp;</TDLINE>
     </TLINE>
     <TLINE>
      <TDFORMAT>AS</TDFORMAT>
      <TDLINE>This method is a redefinable method that builds a field catalog from a</TDLINE>
     </TLINE>
     <TLINE>
      <TDLINE>the structure name passed to the</TDLINE>
     </TLINE>
     <TLINE>
      <TDLINE>&lt;DS:CO.ZCL_ALV_WRAPPER               CONSTRUCTOR&gt;Constructor&lt;/&gt; method.</TDLINE>
     </TLINE>
     <TLINE>
      <TDFORMAT>AS</TDFORMAT>
      <TDLINE>This method uses the function module</TDLINE>
     </TLINE>
     <TLINE>
      <TDLINE>&lt;DS:FU.LVC_FIELDCATALOG_MERGE&gt;LVC_FIELDCATALOG_MERGE&lt;/&gt; to build a</TDLINE>
     </TLINE>
     <TLINE>
      <TDLINE>basicfield catalog which is then supplemented with the data element name</TDLINE>
     </TLINE>
     <TLINE>
      <TDLINE>fromthe data dictionary for all the fields in the catalog.</TDLINE>
     </TLINE>
     <TLINE>
      <TDFORMAT>AS</TDFORMAT>
      <TDLINE>The method then further processes the field catalog and if the domain</TDLINE>
     </TLINE>
     <TLINE>
      <TDLINE>ofthe field is &apos;XFELD&apos;,  it sets the Checkbox field of the field</TDLINE>
     </TLINE>
     <TLINE>
      <TDLINE>catalogto true.</TDLINE>
     </TLINE>
     <TLINE>
      <TDFORMAT>AS</TDFORMAT>
      <TDLINE>Likewise if the Rollname or the Domain name contains the string &apos;ICON&apos;</TDLINE>
     </TLINE>
     <TLINE>
      <TDLINE>then the Iconm field of the field cata log is set to true.</TDLINE>
     </TLINE>
     <TLINE>
      <TDFORMAT>AS</TDFORMAT>
      <TDLINE>This method should be redefined by the local class to enable the local</TDLINE>
     </TLINE>
     <TLINE>
      <TDLINE>class to modify the field catalog accordingly.  The Super method should</TDLINE>
     </TLINE>
     <TLINE>
      <TDLINE>be called before any further processing done by the redefinition.</TDLINE>
     </TLINE>
    </LINES>
   </DOC>
  </asx:values>
 </asx:abap>
</abapGit>
