﻿<?xml version="1.0" encoding="utf-8"?>
<abapGit version="v1.0.0" serializer="LCL_OBJECT_DOCT" serializer_version="v1.0.0">
 <asx:abap xmlns:asx="http://www.sap.com/abapxml" version="1.0">
  <asx:values>
   <DOC>
    <HEAD>
     <TDOBJECT>DOKU</TDOBJECT>
     <TDNAME>ZCL_ALV_WRAPPER_FIELD_CAT</TDNAME>
     <TDID>TX</TDID>
     <TDSPRAS>E</TDSPRAS>
     <TDFORM>S_DOCU_SHOW</TDFORM>
     <TDSTYLE>S_DOCUS1</TDSTYLE>
     <TDVERSION>00001</TDVERSION>
     <TDLINESIZE>072</TDLINESIZE>
    </HEAD>
    <LINES>
     <TLINE>
      <TDFORMAT>U1</TDFORMAT>
      <TDLINE>&amp;MEANING&amp;</TDLINE>
     </TLINE>
     <TLINE>
      <TDFORMAT>AS</TDFORMAT>
      <TDLINE>This private attribute is the field catalog supplied by the calling</TDLINE>
     </TLINE>
     <TLINE>
      <TDLINE>program to be used by the ALV grid when displaying the data.  The field</TDLINE>
     </TLINE>
     <TLINE>
      <TDLINE>catalog is saved here because it is required by various methods in the</TDLINE>
     </TLINE>
     <TLINE>
      <TDLINE>wrapper before it is initialised by the ALV grid in the call to the</TDLINE>
     </TLINE>
     <TLINE>
      <TDLINE>SET_TABLE_FOR_FIRST_DISPLAY method which means that it cannot be</TDLINE>
     </TLINE>
     <TLINE>
      <TDLINE>accessed by the GET_FRONTEND_FIELDCATALOG call.</TDLINE>
     </TLINE>
     <TLINE>
      <TDFORMAT>AS</TDFORMAT>
      <TDLINE>However,  to get round this problem,  both the</TDLINE>
     </TLINE>
     <TLINE>
      <TDLINE>&lt;DS:CO.ZCL_ALV_WRAPPER               SET_FRONTEND_FIELDCATALOG&gt;Set_Front</TDLINE>
     </TLINE>
     <TLINE>
      <TDFORMAT>=</TDFORMAT>
      <TDLINE>End_FieldCatalog&lt;/&gt; and the &lt;DS:CO.ZCL_ALV_WRAPPER               GET_FRO</TDLINE>
     </TLINE>
     <TLINE>
      <TDFORMAT>=</TDFORMAT>
      <TDLINE>NTEND_FIELDCATALOG&gt;Get_FrontEnd_FieldCatalog&lt;/&gt; have been redefined to</TDLINE>
     </TLINE>
     <TLINE>
      <TDLINE>save the field catalog locally.</TDLINE>
     </TLINE>
     <TLINE>
      <TDFORMAT>U1</TDFORMAT>
      <TDLINE>&amp;HINTS&amp;</TDLINE>
     </TLINE>
     <TLINE>
      <TDFORMAT>AS</TDFORMAT>
     </TLINE>
    </LINES>
   </DOC>
  </asx:values>
 </asx:abap>
</abapGit>
