﻿<?xml version="1.0" encoding="utf-8"?>
<abapGit version="v1.0.0" serializer="LCL_OBJECT_DOCT" serializer_version="v1.0.0">
 <asx:abap xmlns:asx="http://www.sap.com/abapxml" version="1.0">
  <asx:values>
   <DOC>
    <HEAD>
     <TDOBJECT>DOKU</TDOBJECT>
     <TDNAME>ZCL_ALV_WRAPPER_BALO_FUNC</TDNAME>
     <TDID>TX</TDID>
     <TDSPRAS>E</TDSPRAS>
     <TDFORM>S_DOCU_SHOW</TDFORM>
     <TDSTYLE>S_DOCUS1</TDSTYLE>
     <TDVERSION>00001</TDVERSION>
     <TDLINESIZE>072</TDLINESIZE>
    </HEAD>
    <LINES>
     <TLINE>
      <TDFORMAT>U1</TDFORMAT>
      <TDLINE>&amp;FUNCTIONALITY&amp;</TDLINE>
     </TLINE>
     <TLINE>
      <TDFORMAT>AS</TDFORMAT>
      <TDLINE>This protected method generates the ALV Grid layout structure and if</TDLINE>
     </TLINE>
     <TLINE>
      <TDLINE>anystructure other than the default structure is required should be</TDLINE>
     </TLINE>
     <TLINE>
      <TDLINE>redefined with the Super method being called by the redefinition.</TDLINE>
     </TLINE>
     <TLINE>
      <TDFORMAT>AS</TDFORMAT>
      <TDLINE>The wrapper takes note of the interactive fields CTAB_FNAME which</TDLINE>
     </TLINE>
     <TLINE>
      <TDLINE>defines a table for the individual colouring of cells and INFO_FNAME</TDLINE>
     </TLINE>
     <TLINE>
      <TDLINE>which is simple row colouring.  If CTAB_FNAME is defined then input</TDLINE>
     </TLINE>
     <TLINE>
      <TDLINE>fields,  currencies and various other field types are coloured</TDLINE>
     </TLINE>
     <TLINE>
      <TDLINE>accordingly.</TDLINE>
     </TLINE>
     <TLINE>
      <TDFORMAT>AS</TDFORMAT>
      <TDLINE>If INFO_FNAME is populated then the row is coloured using the emphasis</TDLINE>
     </TLINE>
     <TLINE>
      <TDLINE>colour.  If Zebra is defined then the row is coloured according to the</TDLINE>
     </TLINE>
     <TLINE>
      <TDLINE>zebra convention.</TDLINE>
     </TLINE>
    </LINES>
   </DOC>
  </asx:values>
 </asx:abap>
</abapGit>
