﻿<?xml version="1.0" encoding="utf-8"?>
<abapGit version="v1.0.0" serializer="LCL_OBJECT_CLAS" serializer_version="v1.0.0">
 <asx:abap xmlns:asx="http://www.sap.com/abapxml" version="1.0">
  <asx:values>
   <VSEOCLASS>
    <CLSNAME>ZCL_ALV_WRAPPER</CLSNAME>
    <VERSION>1</VERSION>
    <LANGU>E</LANGU>
    <DESCRIPT>Wrapper For ALV Grid handling</DESCRIPT>
    <EXPOSURE>2</EXPOSURE>
    <STATE>1</STATE>
    <CLSCCINCL>X</CLSCCINCL>
    <FIXPT>X</FIXPT>
    <UNICODE>X</UNICODE>
   </VSEOCLASS>
   <TPOOL>
    <item>
     <ID>I</ID>
     <KEY>000</KEY>
     <ENTRY>&amp; &amp; &amp; &amp;</ENTRY>
     <LENGTH>7</LENGTH>
    </item>
    <item>
     <ID>I</ID>
     <KEY>001</KEY>
     <ENTRY>Selection Parameters</ENTRY>
     <LENGTH>20</LENGTH>
    </item>
    <item>
     <ID>I</ID>
     <KEY>002</KEY>
     <ENTRY>Parameter</ENTRY>
     <LENGTH>9</LENGTH>
    </item>
    <item>
     <ID>I</ID>
     <KEY>003</KEY>
     <ENTRY>Value</ENTRY>
     <LENGTH>5</LENGTH>
    </item>
    <item>
     <ID>I</ID>
     <KEY>004</KEY>
     <ENTRY>Description</ENTRY>
     <LENGTH>11</LENGTH>
    </item>
    <item>
     <ID>I</ID>
     <KEY>005</KEY>
     <ENTRY>Sort Criteria</ENTRY>
     <LENGTH>13</LENGTH>
    </item>
    <item>
     <ID>I</ID>
     <KEY>006</KEY>
     <ENTRY>Sort Field</ENTRY>
     <LENGTH>10</LENGTH>
    </item>
    <item>
     <ID>I</ID>
     <KEY>007</KEY>
     <ENTRY>Direction</ENTRY>
     <LENGTH>9</LENGTH>
    </item>
    <item>
     <ID>I</ID>
     <KEY>008</KEY>
     <ENTRY>Ascending</ENTRY>
     <LENGTH>9</LENGTH>
    </item>
    <item>
     <ID>I</ID>
     <KEY>009</KEY>
     <ENTRY>Descending</ENTRY>
     <LENGTH>10</LENGTH>
    </item>
    <item>
     <ID>I</ID>
     <KEY>010</KEY>
     <ENTRY>Filter Criteria</ENTRY>
     <LENGTH>15</LENGTH>
    </item>
    <item>
     <ID>I</ID>
     <KEY>011</KEY>
     <ENTRY>Filter Field</ENTRY>
     <LENGTH>12</LENGTH>
    </item>
    <item>
     <ID>I</ID>
     <KEY>012</KEY>
     <ENTRY>Filter Value</ENTRY>
     <LENGTH>12</LENGTH>
    </item>
    <item>
     <ID>I</ID>
     <KEY>013</KEY>
     <ENTRY>the first record</ENTRY>
     <LENGTH>16</LENGTH>
    </item>
    <item>
     <ID>I</ID>
     <KEY>014</KEY>
     <ENTRY>the last record</ENTRY>
     <LENGTH>15</LENGTH>
    </item>
    <item>
     <ID>I</ID>
     <KEY>016</KEY>
     <ENTRY>Property of Hitachi Rail Ltd.</ENTRY>
     <LENGTH>29</LENGTH>
    </item>
   </TPOOL>
   <DESCRIPTIONS>
    <SEOCOMPOTX>
     <CLSNAME>ZCL_ALV_WRAPPER</CLSNAME>
     <CMPNAME>ADD_COLUMN</CMPNAME>
     <LANGU>E</LANGU>
     <DESCRIPT>Adds a column to a dynamic table</DESCRIPT>
    </SEOCOMPOTX>
    <SEOCOMPOTX>
     <CLSNAME>ZCL_ALV_WRAPPER</CLSNAME>
     <CMPNAME>ADD_TABLE</CMPNAME>
     <LANGU>E</LANGU>
     <DESCRIPT>Add a table to a dynamic document area</DESCRIPT>
    </SEOCOMPOTX>
    <SEOCOMPOTX>
     <CLSNAME>ZCL_ALV_WRAPPER</CLSNAME>
     <CMPNAME>ALV_GRID_FILTERED_ENTRIES</CMPNAME>
     <LANGU>E</LANGU>
     <DESCRIPT>ALV control: Filter index</DESCRIPT>
    </SEOCOMPOTX>
    <SEOCOMPOTX>
     <CLSNAME>ZCL_ALV_WRAPPER</CLSNAME>
     <CMPNAME>ALV_GRID_STYLE</CMPNAME>
     <LANGU>E</LANGU>
     <DESCRIPT>ALV Control: Field Name + Styles</DESCRIPT>
    </SEOCOMPOTX>
    <SEOCOMPOTX>
     <CLSNAME>ZCL_ALV_WRAPPER</CLSNAME>
     <CMPNAME>CONSTRUCTOR</CMPNAME>
     <LANGU>E</LANGU>
     <DESCRIPT>Constructor Method</DESCRIPT>
    </SEOCOMPOTX>
    <SEOCOMPOTX>
     <CLSNAME>ZCL_ALV_WRAPPER</CLSNAME>
     <CMPNAME>MERGE_COLUMN</CMPNAME>
     <LANGU>E</LANGU>
     <DESCRIPT>ALV Control: Column Layout</DESCRIPT>
    </SEOCOMPOTX>
    <SEOCOMPOTX>
     <CLSNAME>ZCL_ALV_WRAPPER</CLSNAME>
     <CMPNAME>SAVE_ALL_MODES</CMPNAME>
     <LANGU>E</LANGU>
     <DESCRIPT>ALV Grid constant Save ALL</DESCRIPT>
    </SEOCOMPOTX>
    <SEOCOMPOTX>
     <CLSNAME>ZCL_ALV_WRAPPER</CLSNAME>
     <CMPNAME>STRING_REFERENCE</CMPNAME>
     <LANGU>E</LANGU>
     <DESCRIPT>Field Type constant that defines a string</DESCRIPT>
    </SEOCOMPOTX>
    <SEOCOMPOTX>
     <CLSNAME>ZCL_ALV_WRAPPER</CLSNAME>
     <CMPNAME>_ALV_CONTAINER</CMPNAME>
     <LANGU>E</LANGU>
     <DESCRIPT>Container holding the ALV Grid</DESCRIPT>
    </SEOCOMPOTX>
    <SEOCOMPOTX>
     <CLSNAME>ZCL_ALV_WRAPPER</CLSNAME>
     <CMPNAME>_ALV_STRUCTURE</CMPNAME>
     <LANGU>E</LANGU>
     <DESCRIPT>Structure name defining the alv grid</DESCRIPT>
    </SEOCOMPOTX>
    <SEOCOMPOTX>
     <CLSNAME>ZCL_ALV_WRAPPER</CLSNAME>
     <CMPNAME>_BASIC_ROW_COLOUR</CMPNAME>
     <LANGU>E</LANGU>
     <DESCRIPT>Basic Row Colour scheme</DESCRIPT>
    </SEOCOMPOTX>
    <SEOCOMPOTX>
     <CLSNAME>ZCL_ALV_WRAPPER</CLSNAME>
     <CMPNAME>_COLOUR_CURRENCIES</CMPNAME>
     <LANGU>E</LANGU>
     <DESCRIPT>Colour currency fields ?</DESCRIPT>
    </SEOCOMPOTX>
    <SEOCOMPOTX>
     <CLSNAME>ZCL_ALV_WRAPPER</CLSNAME>
     <CMPNAME>_COLOUR_QUANTS</CMPNAME>
     <LANGU>E</LANGU>
     <DESCRIPT>Colour quant fields Yes/No ?</DESCRIPT>
    </SEOCOMPOTX>
    <SEOCOMPOTX>
     <CLSNAME>ZCL_ALV_WRAPPER</CLSNAME>
     <CMPNAME>_DATA</CMPNAME>
     <LANGU>E</LANGU>
     <DESCRIPT>Memory reference to data table</DESCRIPT>
    </SEOCOMPOTX>
    <SEOCOMPOTX>
     <CLSNAME>ZCL_ALV_WRAPPER</CLSNAME>
     <CMPNAME>_DATA_CHANGED</CMPNAME>
     <LANGU>E</LANGU>
     <DESCRIPT>Data Changed ?</DESCRIPT>
    </SEOCOMPOTX>
    <SEOCOMPOTX>
     <CLSNAME>ZCL_ALV_WRAPPER</CLSNAME>
     <CMPNAME>_DC_SINK</CMPNAME>
     <LANGU>E</LANGU>
     <DESCRIPT>Data Changed Sink.</DESCRIPT>
    </SEOCOMPOTX>
    <SEOCOMPOTX>
     <CLSNAME>ZCL_ALV_WRAPPER</CLSNAME>
     <CMPNAME>_FIELDCATALOG</CMPNAME>
     <LANGU>E</LANGU>
     <DESCRIPT>ALV Field Ctatalog Table</DESCRIPT>
    </SEOCOMPOTX>
    <SEOCOMPOTX>
     <CLSNAME>ZCL_ALV_WRAPPER</CLSNAME>
     <CMPNAME>_GRID_HEADER</CMPNAME>
     <LANGU>E</LANGU>
     <DESCRIPT>Dynamic document for the grid header</DESCRIPT>
    </SEOCOMPOTX>
    <SEOCOMPOTX>
     <CLSNAME>ZCL_ALV_WRAPPER</CLSNAME>
     <CMPNAME>_HEADER_PANE</CMPNAME>
     <LANGU>E</LANGU>
     <DESCRIPT>Container holding the header pane</DESCRIPT>
    </SEOCOMPOTX>
    <SEOCOMPOTX>
     <CLSNAME>ZCL_ALV_WRAPPER</CLSNAME>
     <CMPNAME>_HOTSPOTS</CMPNAME>
     <LANGU>E</LANGU>
     <DESCRIPT>Table of hotspots</DESCRIPT>
    </SEOCOMPOTX>
    <SEOCOMPOTX>
     <CLSNAME>ZCL_ALV_WRAPPER</CLSNAME>
     <CMPNAME>_IGNORE_PARAMETER</CMPNAME>
     <LANGU>E</LANGU>
     <DESCRIPT>Constant Ignore this selection screen field</DESCRIPT>
    </SEOCOMPOTX>
    <SEOCOMPOTX>
     <CLSNAME>ZCL_ALV_WRAPPER</CLSNAME>
     <CMPNAME>_KIND_PARAMETER</CMPNAME>
     <LANGU>E</LANGU>
     <DESCRIPT>Selection Screen Field Parameter</DESCRIPT>
    </SEOCOMPOTX>
    <SEOCOMPOTX>
     <CLSNAME>ZCL_ALV_WRAPPER</CLSNAME>
     <CMPNAME>_KIND_SELECT_OPTION</CMPNAME>
     <LANGU>E</LANGU>
     <DESCRIPT>Selection Screen Field Select Option</DESCRIPT>
    </SEOCOMPOTX>
    <SEOCOMPOTX>
     <CLSNAME>ZCL_ALV_WRAPPER</CLSNAME>
     <CMPNAME>_NO_SORTS_NO_FILTERS</CMPNAME>
     <LANGU>E</LANGU>
     <DESCRIPT>Sort State Constant: No sorts, no filters</DESCRIPT>
    </SEOCOMPOTX>
    <SEOCOMPOTX>
     <CLSNAME>ZCL_ALV_WRAPPER</CLSNAME>
     <CMPNAME>_REPORT_ID</CMPNAME>
     <LANGU>E</LANGU>
     <DESCRIPT>Report Name</DESCRIPT>
    </SEOCOMPOTX>
    <SEOCOMPOTX>
     <CLSNAME>ZCL_ALV_WRAPPER</CLSNAME>
     <CMPNAME>_SORT_AND_FILTER</CMPNAME>
     <LANGU>E</LANGU>
     <DESCRIPT>Sort state Constant: Sort and filter</DESCRIPT>
    </SEOCOMPOTX>
    <SEOCOMPOTX>
     <CLSNAME>ZCL_ALV_WRAPPER</CLSNAME>
     <CMPNAME>_SORT_ONLY</CMPNAME>
     <LANGU>E</LANGU>
     <DESCRIPT>Sort state Constant: Sort,  no filter</DESCRIPT>
    </SEOCOMPOTX>
    <SEOCOMPOTX>
     <CLSNAME>ZCL_ALV_WRAPPER</CLSNAME>
     <CMPNAME>_SORT_STATUS</CMPNAME>
     <LANGU>E</LANGU>
     <DESCRIPT>Current sort status</DESCRIPT>
    </SEOCOMPOTX>
    <SEOCOMPOTX>
     <CLSNAME>ZCL_ALV_WRAPPER</CLSNAME>
     <CMPNAME>_SP_LOGO</CMPNAME>
     <LANGU>E</LANGU>
     <DESCRIPT>Header space for logo</DESCRIPT>
    </SEOCOMPOTX>
    <SEOCOMPOTX>
     <CLSNAME>ZCL_ALV_WRAPPER</CLSNAME>
     <CMPNAME>_SP_NORMAL_WITH_SORT</CMPNAME>
     <LANGU>E</LANGU>
     <DESCRIPT>Header space for logo and sort</DESCRIPT>
    </SEOCOMPOTX>
    <SEOCOMPOTX>
     <CLSNAME>ZCL_ALV_WRAPPER</CLSNAME>
     <CMPNAME>_SP_NORMAL_WITH_SORTS_FILTERS</CMPNAME>
     <LANGU>E</LANGU>
     <DESCRIPT>header spacing for sort/filter</DESCRIPT>
    </SEOCOMPOTX>
    <SEOCOMPOTX>
     <CLSNAME>ZCL_ALV_WRAPPER</CLSNAME>
     <CMPNAME>_SP_SORT_WITH_FILTER</CMPNAME>
     <LANGU>E</LANGU>
     <DESCRIPT>header spacing sort and filters</DESCRIPT>
    </SEOCOMPOTX>
    <SEOCOMPOTX>
     <CLSNAME>ZCL_ALV_WRAPPER</CLSNAME>
     <CMPNAME>_TABLE_BORDER_OFF</CMPNAME>
     <LANGU>E</LANGU>
     <DESCRIPT>Constant Table Border Off</DESCRIPT>
    </SEOCOMPOTX>
    <SEOCOMPOTX>
     <CLSNAME>ZCL_ALV_WRAPPER</CLSNAME>
     <CMPNAME>_TABLE_BORDER_ON</CMPNAME>
     <LANGU>E</LANGU>
     <DESCRIPT>Constant: Table border on</DESCRIPT>
    </SEOCOMPOTX>
    <SEOCOMPOTX>
     <CLSNAME>ZCL_ALV_WRAPPER</CLSNAME>
     <CMPNAME>_WRAPPER_LAYOUT</CMPNAME>
     <LANGU>E</LANGU>
     <DESCRIPT>Warpper Layout Structure</DESCRIPT>
    </SEOCOMPOTX>
   </DESCRIPTIONS>
  </asx:values>
 </asx:abap>
</abapGit>
