﻿<?xml version="1.0" encoding="utf-8"?>
<abapGit version="v1.0.0" serializer="LCL_OBJECT_DOCT" serializer_version="v1.0.0">
 <asx:abap xmlns:asx="http://www.sap.com/abapxml" version="1.0">
  <asx:values>
   <DOC>
    <HEAD>
     <TDOBJECT>DOKU</TDOBJECT>
     <TDNAME>ZCL_ALV_WRAPPER_GESR_PAR</TDNAME>
     <TDID>TX</TDID>
     <TDSPRAS>E</TDSPRAS>
     <TDFORM>S_DOCU_SHOW</TDFORM>
     <TDSTYLE>S_DOCUS1</TDSTYLE>
     <TDVERSION>00001</TDVERSION>
     <TDLINESIZE>072</TDLINESIZE>
    </HEAD>
    <LINES>
     <TLINE>
      <TDFORMAT>U1</TDFORMAT>
      <TDLINE>&amp;PARAMETERS&amp;</TDLINE>
     </TLINE>
     <TLINE>
      <TDFORMAT>AS</TDFORMAT>
      <TDLINE>This method has two exporting parameters:</TDLINE>
     </TLINE>
     <TLINE>
      <TDFORMAT>B1</TDFORMAT>
      <TDLINE>et_Index_Rows</TDLINE>
     </TLINE>
     <TLINE>
      <TDFORMAT>B1</TDFORMAT>
      <TDLINE>et_Row_No</TDLINE>
     </TLINE>
     <TLINE>
      <TDFORMAT>U2</TDFORMAT>
      <TDLINE>et_Index_Rows</TDLINE>
     </TLINE>
     <TLINE>
      <TDFORMAT>AS</TDFORMAT>
      <TDLINE>This parameter is technically obsolete (see</TDLINE>
     </TLINE>
     <TLINE>
      <TDLINE>&lt;DS:CO.CL_GUI_ALV_GRID               GET_SELECTED_ROWS&gt;cl_Gui_Alv_Grid</TDLINE>
     </TLINE>
     <TLINE>
      <TDFORMAT>=</TDFORMAT>
      <TDLINE>&lt;/&gt;),  however is still useful and is there since this is a</TDLINE>
     </TLINE>
     <TLINE>
      <TDLINE>redefinition.</TDLINE>
     </TLINE>
     <TLINE>
      <TDFORMAT>AS</TDFORMAT>
      <TDLINE>The parameter is a table of row type LVC_S_ROW which contains a row</TDLINE>
     </TLINE>
     <TLINE>
      <TDLINE>typethat defines whether the row is a normal row,  sub title etc etc and</TDLINE>
     </TLINE>
     <TLINE>
      <TDLINE>an Index number which is the actual row number in the table.</TDLINE>
     </TLINE>
     <TLINE>
      <TDFORMAT>U2</TDFORMAT>
      <TDLINE>et_Row_No</TDLINE>
     </TLINE>
     <TLINE>
      <TDFORMAT>AS</TDFORMAT>
      <TDLINE>this exporting parameter is another table and due to the fact that</TDLINE>
     </TLINE>
     <TLINE>
      <TDLINE> the Index rows parameter is to become obsolete,  should be the</TDLINE>
     </TLINE>
     <TLINE>
      <TDLINE>preferred parameter to use.  This table has a row type of LVC_S_ROID</TDLINE>
     </TLINE>
     <TLINE>
      <TDLINE>which contains the index number to the actual data table that the row</TDLINE>
     </TLINE>
     <TLINE>
      <TDLINE>references.</TDLINE>
     </TLINE>
    </LINES>
   </DOC>
  </asx:values>
 </asx:abap>
</abapGit>
