﻿<?xml version="1.0" encoding="utf-8"?>
<abapGit version="v1.0.0" serializer="LCL_OBJECT_DOCT" serializer_version="v1.0.0">
 <asx:abap xmlns:asx="http://www.sap.com/abapxml" version="1.0">
  <asx:values>
   <DOC>
    <HEAD>
     <TDOBJECT>DOKU</TDOBJECT>
     <TDNAME>ZCL_ALV_WRAPPER_INGC_EXP</TDNAME>
     <TDID>TX</TDID>
     <TDSPRAS>E</TDSPRAS>
     <TDFORM>S_DOCU_SHOW</TDFORM>
     <TDSTYLE>S_DOCUS1</TDSTYLE>
     <TDVERSION>00001</TDVERSION>
     <TDLINESIZE>072</TDLINESIZE>
    </HEAD>
    <LINES>
     <TLINE>
      <TDFORMAT>U1</TDFORMAT>
      <TDLINE>&amp;HINTS&amp;</TDLINE>
     </TLINE>
     <TLINE>
      <TDFORMAT>M5</TDFORMAT>
      <TDLINE>             Super-&gt;Recolour( ).</TDLINE>
     </TLINE>
     <TLINE>
      <TDFORMAT>/</TDFORMAT>
      <TDLINE>             Assign Me-&gt;_Data-&gt;* to &lt;f_Display_Table&gt;.</TDLINE>
     </TLINE>
     <TLINE>
      <TDFORMAT>/</TDFORMAT>
      <TDLINE>*</TDLINE>
     </TLINE>
     <TLINE>
      <TDFORMAT>/</TDFORMAT>
      <TDLINE>*            Initialise the row colouring....</TDLINE>
     </TLINE>
     <TLINE>
      <TDFORMAT>/</TDFORMAT>
      <TDLINE>*</TDLINE>
     </TLINE>
     <TLINE>
      <TDFORMAT>/</TDFORMAT>
      <TDLINE>             Call Method Me-&gt;Initialise_Grid_Colours</TDLINE>
     </TLINE>
     <TLINE>
      <TDFORMAT>/</TDFORMAT>
      <TDLINE>                Importing</TDLINE>
     </TLINE>
     <TLINE>
      <TDFORMAT>/</TDFORMAT>
      <TDLINE>                  es_Colour_State_1 = ls_Colour_State_1</TDLINE>
     </TLINE>
     <TLINE>
      <TDFORMAT>/</TDFORMAT>
      <TDLINE>                  es_Colour_State_2 = ls_Colour_State_2</TDLINE>
     </TLINE>
     <TLINE>
      <TDFORMAT>/</TDFORMAT>
      <TDLINE>                  es_Hotspot_Colour = ls_Hotspot_Colour.</TDLINE>
     </TLINE>
     <TLINE>
      <TDFORMAT>/</TDFORMAT>
     </TLINE>
     <TLINE>
      <TDFORMAT>/</TDFORMAT>
      <TDLINE>             ls_Row_Colour = ls_Colour_State_2.</TDLINE>
     </TLINE>
     <TLINE>
      <TDFORMAT>/</TDFORMAT>
      <TDLINE>             l_Shipment_No = Me-&gt;Get_Shipment_No( ).</TDLINE>
     </TLINE>
     <TLINE>
      <TDFORMAT>/</TDFORMAT>
      <TDLINE>*</TDLINE>
     </TLINE>
     <TLINE>
      <TDFORMAT>/</TDFORMAT>
      <TDLINE>*            Set up the style table to disable input when a row is</TDLINE>
     </TLINE>
     <TLINE>
      <TDLINE>auto-confirmed.</TDLINE>
     </TLINE>
     <TLINE>
      <TDFORMAT>/</TDFORMAT>
      <TDLINE>*</TDLINE>
     </TLINE>
     <TLINE>
      <TDFORMAT>/</TDFORMAT>
      <TDLINE>             Disable_Cell: QUANTITY,</TDLINE>
     </TLINE>
     <TLINE>
      <TDFORMAT>/</TDFORMAT>
      <TDLINE>                           QUANTITY2.</TDLINE>
     </TLINE>
     <TLINE>
      <TDFORMAT>/</TDFORMAT>
      <TDLINE>             Loop at &lt;f_Display_Table&gt; Assigning &lt;f_Display_Line&gt;.</TDLINE>
     </TLINE>
     <TLINE/>
     <TLINE/>
    </LINES>
   </DOC>
  </asx:values>
 </asx:abap>
</abapGit>
