﻿<?xml version="1.0" encoding="utf-8"?>
<abapGit version="v1.0.0" serializer="LCL_OBJECT_DOCT" serializer_version="v1.0.0">
 <asx:abap xmlns:asx="http://www.sap.com/abapxml" version="1.0">
  <asx:values>
   <DOC>
    <HEAD>
     <TDOBJECT>DOKU</TDOBJECT>
     <TDNAME>ZCL_ALV_WRAPPER_TRAN_O_PRE</TDNAME>
     <TDID>TX</TDID>
     <TDSPRAS>E</TDSPRAS>
     <TDFORM>S_DOCU_SHOW</TDFORM>
     <TDSTYLE>S_DOCUS1</TDSTYLE>
     <TDVERSION>00001</TDVERSION>
     <TDLINESIZE>072</TDLINESIZE>
    </HEAD>
    <LINES>
     <TLINE>
      <TDFORMAT>U1</TDFORMAT>
      <TDLINE>&amp;PRECONDITION&amp;</TDLINE>
     </TLINE>
     <TLINE>
      <TDFORMAT>AS</TDFORMAT>
      <TDLINE>The long text translations of the operators must be included as</TDLINE>
     </TLINE>
     <TLINE>
      <TDLINE>messagesof a message class,  in this case ZCL_ALV_WRAPPER:</TDLINE>
     </TLINE>
     <TLINE>
      <TDFORMAT>K1</TDFORMAT>
      <TDLINE>Number,,Text</TDLINE>
     </TLINE>
     <TLINE>
      <TDFORMAT>T1</TDFORMAT>
      <TDLINE>001,,Is equal to &amp;</TDLINE>
     </TLINE>
     <TLINE>
      <TDFORMAT>T1</TDFORMAT>
      <TDLINE>002,,Is between &amp; and &amp;</TDLINE>
     </TLINE>
     <TLINE>
      <TDFORMAT>T1</TDFORMAT>
      <TDLINE>003,,Is less than or equal to &amp;</TDLINE>
     </TLINE>
     <TLINE>
      <TDFORMAT>T1</TDFORMAT>
      <TDLINE>004,,Is greater than or equal to &amp;</TDLINE>
     </TLINE>
     <TLINE>
      <TDFORMAT>T1</TDFORMAT>
      <TDLINE>005,,Contains the pattern &amp;</TDLINE>
     </TLINE>
     <TLINE>
      <TDFORMAT>T1</TDFORMAT>
      <TDLINE>006,,Is not equal to &amp;</TDLINE>
     </TLINE>
     <TLINE>
      <TDFORMAT>T1</TDFORMAT>
      <TDLINE>007,,Is not between &amp; and &amp;</TDLINE>
     </TLINE>
     <TLINE>
      <TDFORMAT>T1</TDFORMAT>
      <TDLINE>008,,Is not less than or equal to &amp;</TDLINE>
     </TLINE>
     <TLINE>
      <TDFORMAT>T1</TDFORMAT>
      <TDLINE>009,,Is not greater than or equal to &amp;</TDLINE>
     </TLINE>
     <TLINE>
      <TDFORMAT>T1</TDFORMAT>
      <TDLINE>010,,Does not contain the pattern &amp;</TDLINE>
     </TLINE>
    </LINES>
   </DOC>
  </asx:values>
 </asx:abap>
</abapGit>
