﻿<?xml version="1.0" encoding="utf-8"?>
<abapGit version="v1.0.0" serializer="LCL_OBJECT_DOCT" serializer_version="v1.0.0">
 <asx:abap xmlns:asx="http://www.sap.com/abapxml" version="1.0">
  <asx:values>
   <DOC>
    <HEAD>
     <TDOBJECT>DOKU</TDOBJECT>
     <TDNAME>ZCL_ALV_WRAPPER_SFCR_EXP</TDNAME>
     <TDID>TX</TDID>
     <TDSPRAS>E</TDSPRAS>
     <TDFORM>S_DOCU_SHOW</TDFORM>
     <TDSTYLE>S_DOCUS1</TDSTYLE>
     <TDVERSION>00001</TDVERSION>
     <TDLINESIZE>072</TDLINESIZE>
    </HEAD>
    <LINES>
     <TLINE>
      <TDFORMAT>U1</TDFORMAT>
      <TDLINE>&amp;NOTES&amp;</TDLINE>
     </TLINE>
     <TLINE>
      <TDFORMAT>PE</TDFORMAT>
      <TDLINE>Call Method es_Display-Grid-&gt;Set_Cell_Style</TDLINE>
     </TLINE>
     <TLINE>
      <TDFORMAT>/</TDFORMAT>
      <TDLINE>  Exporting</TDLINE>
     </TLINE>
     <TLINE>
      <TDFORMAT>/</TDFORMAT>
      <TDLINE>    Row   = 4</TDLINE>
     </TLINE>
     <TLINE>
      <TDFORMAT>/</TDFORMAT>
      <TDLINE>    Col   = 2</TDLINE>
     </TLINE>
     <TLINE>
      <TDFORMAT>/</TDFORMAT>
      <TDLINE>    Style = ls_Style-Style.</TDLINE>
     </TLINE>
     <TLINE>
      <TDFORMAT>/</TDFORMAT>
     </TLINE>
     <TLINE>
      <TDFORMAT>/</TDFORMAT>
      <TDLINE>es_Display-Grid-&gt;Set_Fixed_Col_Row(</TDLINE>
     </TLINE>
     <TLINE>
      <TDFORMAT>/</TDFORMAT>
      <TDLINE>        Exporting Col = 3</TDLINE>
     </TLINE>
     <TLINE>
      <TDFORMAT>/</TDFORMAT>
      <TDLINE>                  Row = 3 ).</TDLINE>
     </TLINE>
     <TLINE>
      <TDFORMAT>/</TDFORMAT>
      <TDLINE>es_Display-Grid-&gt;Merge_Display( ).</TDLINE>
     </TLINE>
     <TLINE>
      <TDFORMAT>AS</TDFORMAT>
      <TDLINE>An example of cell merging can be found in report</TDLINE>
     </TLINE>
     <TLINE>
      <TDLINE>&lt;DS:REPN.ZDM_ALV_COL_MERGE_DEMO&gt;ZDM_ALV_COL_MERGE_DEMO&lt;/&gt;.</TDLINE>
     </TLINE>
    </LINES>
   </DOC>
  </asx:values>
 </asx:abap>
</abapGit>
