﻿<?xml version="1.0" encoding="utf-8"?>
<abapGit version="v1.0.0" serializer="LCL_OBJECT_DOCT" serializer_version="v1.0.0">
 <asx:abap xmlns:asx="http://www.sap.com/abapxml" version="1.0">
  <asx:values>
   <DOC>
    <HEAD>
     <TDOBJECT>DOKU</TDOBJECT>
     <TDNAME>ZCL_ALV_WRAPPER_CONS_PAR</TDNAME>
     <TDID>TX</TDID>
     <TDSPRAS>E</TDSPRAS>
     <TDFORM>S_DOCU_SHOW</TDFORM>
     <TDSTYLE>S_DOCUS1</TDSTYLE>
     <TDVERSION>00001</TDVERSION>
     <TDLINESIZE>072</TDLINESIZE>
    </HEAD>
    <LINES>
     <TLINE>
      <TDFORMAT>U1</TDFORMAT>
      <TDLINE>&amp;PARAMETERS&amp;</TDLINE>
     </TLINE>
     <TLINE>
      <TDFORMAT>AS</TDFORMAT>
      <TDLINE>The method uses the following parameters.</TDLINE>
     </TLINE>
     <TLINE>
      <TDFORMAT>K3</TDFORMAT>
      <TDLINE>Name,,Type,,Definition,,Meaning</TDLINE>
     </TLINE>
     <TLINE>
      <TDFORMAT>T3</TDFORMAT>
      <TDLINE>IO_Parent,,Importing,,Container,,This parameter is the parent container</TDLINE>
     </TLINE>
     <TLINE>
      <TDLINE>that will host the grid and the header.  If the report is without a</TDLINE>
     </TLINE>
     <TLINE>
      <TDLINE>header then this container will be used directly as the parent for the</TDLINE>
     </TLINE>
     <TLINE>
      <TDLINE>ALV grid,  otherwise it will be used as a parent to a splitter which</TDLINE>
     </TLINE>
     <TLINE>
      <TDLINE>will then host the header pane and the ALV Grid.</TDLINE>
     </TLINE>
     <TLINE>
      <TDFORMAT>T3</TDFORMAT>
      <TDLINE>io_Data_Changed,,Importing,,Memory Reference,,A pointer to a boolean</TDLINE>
     </TLINE>
     <TLINE>
      <TDLINE>variable that when set denotes that data has been changed in the grid.</TDLINE>
     </TLINE>
     <TLINE>
      <TDLINE>Optional.</TDLINE>
     </TLINE>
     <TLINE>
      <TDFORMAT>T3</TDFORMAT>
      <TDLINE>io_Data,,Importing,,Memory Reference,,A pointer to the actual data table</TDLINE>
     </TLINE>
     <TLINE>
      <TDFORMAT>T3</TDFORMAT>
      <TDLINE>i_RepId,,Importing,,syRepId,,The report name</TDLINE>
     </TLINE>
     <TLINE>
      <TDFORMAT>T3</TDFORMAT>
      <TDLINE>i_Structure,,Importing,,Structure_Name,,The structure defined in the</TDLINE>
     </TLINE>
     <TLINE>
      <TDLINE>data dictionary that the ALV Grid display is defined on.</TDLINE>
     </TLINE>
     <TLINE>
      <TDFORMAT>T3</TDFORMAT>
      <TDLINE>i_No_Header,,Importing,,Boolean,,A flag which if true suppresses the</TDLINE>
     </TLINE>
     <TLINE>
      <TDLINE>header pane.</TDLINE>
     </TLINE>
     <TLINE>
      <TDFORMAT>T3</TDFORMAT>
      <TDLINE>i_Orientation,,Imporeting,,Splitter_Orientation,,An optional flag</TDLINE>
     </TLINE>
     <TLINE>
      <TDLINE>whiochspecifies how the screen should be split - Horizontally</TDLINE>
     </TLINE>
     <TLINE>
      <TDLINE>(default)or vertically.</TDLINE>
     </TLINE>
     <TLINE>
      <TDFORMAT>U1</TDFORMAT>
     </TLINE>
    </LINES>
   </DOC>
  </asx:values>
 </asx:abap>
</abapGit>
