﻿<?xml version="1.0" encoding="utf-8"?>
<abapGit version="v1.0.0" serializer="LCL_OBJECT_DOCT" serializer_version="v1.0.0">
 <asx:abap xmlns:asx="http://www.sap.com/abapxml" version="1.0">
  <asx:values>
   <DOC>
    <HEAD>
     <TDOBJECT>DOKU</TDOBJECT>
     <TDNAME>ZCL_ALV_WRAPPER_HAAU_FUNC</TDNAME>
     <TDID>TX</TDID>
     <TDSPRAS>E</TDSPRAS>
     <TDFORM>S_DOCU_SHOW</TDFORM>
     <TDSTYLE>S_DOCUS1</TDSTYLE>
     <TDVERSION>00001</TDVERSION>
     <TDLINESIZE>072</TDLINESIZE>
    </HEAD>
    <LINES>
     <TLINE>
      <TDFORMAT>U1</TDFORMAT>
      <TDLINE>&amp;FUNCTIONALITY&amp;</TDLINE>
     </TLINE>
     <TLINE>
      <TDFORMAT>AS</TDFORMAT>
      <TDLINE>This method is the handler for event BEFORE_USER_COMMAND of class</TDLINE>
     </TLINE>
     <TLINE>
      <TDLINE>&lt;DS:CL.CL_GUI_ALV_GRID&gt;cl_Gui_Alv_Grid&lt;/&gt;.</TDLINE>
     </TLINE>
     <TLINE>
      <TDFORMAT>AS</TDFORMAT>
      <TDLINE>After a user command,  it may be that the rows in the grid have been</TDLINE>
     </TLINE>
     <TLINE>
      <TDLINE>re-ordered,  or filtered in which case if the row colouring is based on</TDLINE>
     </TLINE>
     <TLINE>
      <TDLINE>something like (for instance) the sales order number then the row</TDLINE>
     </TLINE>
     <TLINE>
      <TDLINE>colouring will be incorrect.</TDLINE>
     </TLINE>
     <TLINE>
      <TDFORMAT>AS</TDFORMAT>
      <TDLINE>This method uses method &lt;DS:CO.ZCL_ALV_WRAPPER               CHECK_FOR_R</TDLINE>
     </TLINE>
     <TLINE>
      <TDFORMAT>=</TDFORMAT>
      <TDLINE>ECOLOUR&gt;Check_For_Recolour&lt;/&gt; to determine if the grid needs to be</TDLINE>
     </TLINE>
     <TLINE>
      <TDLINE>recoloured based upon the last user command.</TDLINE>
     </TLINE>
     <TLINE>
      <TDFORMAT>AS</TDFORMAT>
      <TDLINE>This method can be redefined but if it is, calling the Super Method</TDLINE>
     </TLINE>
     <TLINE>
      <TDLINE>mustbe the first thing done in the redefinition.</TDLINE>
     </TLINE>
    </LINES>
   </DOC>
  </asx:values>
 </asx:abap>
</abapGit>
