﻿<?xml version="1.0" encoding="utf-8"?>
<abapGit version="v1.0.0" serializer="LCL_OBJECT_DOCT" serializer_version="v1.0.0">
 <asx:abap xmlns:asx="http://www.sap.com/abapxml" version="1.0">
  <asx:values>
   <DOC>
    <HEAD>
     <TDOBJECT>DOKU</TDOBJECT>
     <TDNAME>ZCL_ALV_WRAPPER_SMHZ_EXP</TDNAME>
     <TDID>TX</TDID>
     <TDSPRAS>E</TDSPRAS>
     <TDFORM>S_DOCU_SHOW</TDFORM>
     <TDSTYLE>S_DOCUS1</TDSTYLE>
     <TDVERSION>00001</TDVERSION>
     <TDLINESIZE>072</TDLINESIZE>
    </HEAD>
    <LINES>
     <TLINE>
      <TDFORMAT>U1</TDFORMAT>
      <TDLINE>&amp;HINTS&amp;</TDLINE>
     </TLINE>
     <TLINE>
      <TDFORMAT>PE</TDFORMAT>
      <TDLINE>Refresh lt_Col_Merge.</TDLINE>
     </TLINE>
     <TLINE/>
     <TLINE>
      <TDFORMAT>/</TDFORMAT>
      <TDLINE>Ap/nd Initial Line To lt_Col_Merge Assigning &lt;f_Merge&gt;.</TDLINE>
     </TLINE>
     <TLINE>
      <TDFORMAT>/</TDFORMAT>
      <TDLINE>&lt;f_Merge&gt;-Col_Id    = 4.</TDLINE>
     </TLINE>
     <TLINE>
      <TDFORMAT>/</TDFORMAT>
      <TDLINE>&lt;f_Merge&gt;-Outputlen = 7.</TDLINE>
     </TLINE>
     <TLINE>
      <TDFORMAT>/</TDFORMAT>
      <TDLINE>Ap/nd &lt;f_Merge&gt; To lt_Col_Merge.</TDLINE>
     </TLINE>
     <TLINE>
      <TDFORMAT>/</TDFORMAT>
     </TLINE>
     <TLINE>
      <TDFORMAT>/</TDFORMAT>
      <TDLINE>Ap/nd Initial Line To lt_Col_Merge Assigning &lt;f_Merge&gt;.</TDLINE>
     </TLINE>
     <TLINE>
      <TDFORMAT>/</TDFORMAT>
      <TDLINE>&lt;f_Merge&gt;-Col_Id    = 10.</TDLINE>
     </TLINE>
     <TLINE>
      <TDFORMAT>/</TDFORMAT>
      <TDLINE>&lt;f_Merge&gt;-Outputlen = 2.</TDLINE>
     </TLINE>
     <TLINE>
      <TDFORMAT>/</TDFORMAT>
      <TDLINE>Ap/nd &lt;f_Merge&gt; To lt_Col_Merge.</TDLINE>
     </TLINE>
     <TLINE>
      <TDFORMAT>/</TDFORMAT>
     </TLINE>
     <TLINE>
      <TDFORMAT>/</TDFORMAT>
     </TLINE>
     <TLINE>
      <TDFORMAT>/</TDFORMAT>
      <TDLINE>Call Method es_Display-Grid-&gt;Set_Merge_Horiz</TDLINE>
     </TLINE>
     <TLINE>
      <TDFORMAT>/</TDFORMAT>
      <TDLINE>  Exporting</TDLINE>
     </TLINE>
     <TLINE>
      <TDFORMAT>/</TDFORMAT>
      <TDLINE>    Row           = 2</TDLINE>
     </TLINE>
     <TLINE>
      <TDFORMAT>/</TDFORMAT>
      <TDLINE>  Changing</TDLINE>
     </TLINE>
     <TLINE>
      <TDFORMAT>/</TDFORMAT>
      <TDLINE>    Tab_Col_Merge = lt_Col_Merge.</TDLINE>
     </TLINE>
     <TLINE>
      <TDFORMAT>AS</TDFORMAT>
      <TDLINE>An example of cell merging can be found in report</TDLINE>
     </TLINE>
     <TLINE>
      <TDLINE>&lt;DS:REPN.ZDM_ALV_COL_MERGE_DEMO&gt;ZDM_ALV_COL_MERGE_DEMO&lt;/&gt;.</TDLINE>
     </TLINE>
    </LINES>
   </DOC>
  </asx:values>
 </asx:abap>
</abapGit>
