﻿<?xml version="1.0" encoding="utf-8"?>
<abapGit version="v1.0.0" serializer="LCL_OBJECT_DOCT" serializer_version="v1.0.0">
 <asx:abap xmlns:asx="http://www.sap.com/abapxml" version="1.0">
  <asx:values>
   <DOC>
    <HEAD>
     <TDOBJECT>DOKU</TDOBJECT>
     <TDNAME>ZCL_ALV_WRAPPER_HAST_FUNC</TDNAME>
     <TDID>TX</TDID>
     <TDSPRAS>E</TDSPRAS>
     <TDFORM>S_DOCU_SHOW</TDFORM>
     <TDSTYLE>S_DOCUS1</TDSTYLE>
     <TDVERSION>00001</TDVERSION>
     <TDLINESIZE>072</TDLINESIZE>
    </HEAD>
    <LINES>
     <TLINE>
      <TDFORMAT>U1</TDFORMAT>
      <TDLINE>&amp;FUNCTIONALITY&amp;</TDLINE>
     </TLINE>
     <TLINE>
      <TDFORMAT>AS</TDFORMAT>
      <TDLINE>This method is the event handler for the event &apos;SUBTOTAL_TEXT&apos; of the</TDLINE>
     </TLINE>
     <TLINE>
      <TDLINE>&lt;DS:CL.CL_GUI_ALV_GRID&gt;cl_Gui_Alv_Grid&lt;/&gt; class.  This event can be</TDLINE>
     </TLINE>
     <TLINE>
      <TDLINE>redefined if required.  The event is only raised if the column to which</TDLINE>
     </TLINE>
     <TLINE>
      <TDLINE>subtotals have been applied is hidden in the ALV grid.</TDLINE>
     </TLINE>
     <TLINE>
      <TDFORMAT>AS</TDFORMAT>
      <TDLINE>This then gives the opportunity to modify the text and the output</TDLINE>
     </TLINE>
     <TLINE>
      <TDLINE>details whenever a subtotal at the relevant level occurs.</TDLINE>
     </TLINE>
     <TLINE/>
     <TLINE/>
     <TLINE/>
     <TLINE/>
     <TLINE/>
     <TLINE/>
    </LINES>
   </DOC>
  </asx:values>
 </asx:abap>
</abapGit>
