﻿<?xml version="1.0" encoding="utf-8"?>
<abapGit version="v1.0.0" serializer="LCL_OBJECT_DOCT" serializer_version="v1.0.0">
 <asx:abap xmlns:asx="http://www.sap.com/abapxml" version="1.0">
  <asx:values>
   <DOC>
    <HEAD>
     <TDOBJECT>DOKU</TDOBJECT>
     <TDNAME>ZCL_ALV_WRAPPER_HOPR_FUNC</TDNAME>
     <TDID>TX</TDID>
     <TDSPRAS>E</TDSPRAS>
     <TDFORM>S_DOCU_SHOW</TDFORM>
     <TDSTYLE>S_DOCUS1</TDSTYLE>
     <TDVERSION>00001</TDVERSION>
     <TDLINESIZE>072</TDLINESIZE>
    </HEAD>
    <LINES>
     <TLINE>
      <TDFORMAT>U1</TDFORMAT>
      <TDLINE>&amp;FUNCTIONALITY&amp;</TDLINE>
     </TLINE>
     <TLINE>
      <TDFORMAT>AS</TDFORMAT>
      <TDLINE>A hotspot is an area on a computer screen which can be clicked to</TDLINE>
     </TLINE>
     <TLINE>
      <TDLINE>activate a function, especially an image or piece of text acting as a</TDLINE>
     </TLINE>
     <TLINE>
      <TDLINE>hyperlink.</TDLINE>
     </TLINE>
     <TLINE>
      <TDFORMAT>AS</TDFORMAT>
      <TDLINE>The ALV Wrapper automates the processing of drill downs to detail</TDLINE>
     </TLINE>
     <TLINE>
      <TDLINE>transactions (primarily displaying master data) where it can.  This is</TDLINE>
     </TLINE>
     <TLINE>
      <TDLINE>achieved by using table</TDLINE>
     </TLINE>
     <TLINE>
      <TDFORMAT>=</TDFORMAT>
      <TDLINE> &lt;DS:TB.ZALV_HOTSPOTS&gt;ZALV_HOTSPOTS&lt;/&gt; to define which transactions can</TDLINE>
     </TLINE>
     <TLINE>
      <TDLINE>be used as a drill down for which rollname or data element.</TDLINE>
     </TLINE>
     <TLINE>
      <TDFORMAT>AS</TDFORMAT>
      <TDLINE>This method is called by the event handler</TDLINE>
     </TLINE>
     <TLINE>
      <TDFORMAT>=</TDFORMAT>
      <TDLINE> &lt;DS:CO.ZCL_ALV_WRAPPER               HANDLE_HOTSPOT_CLICK&gt;Handle_Hotspo</TDLINE>
     </TLINE>
     <TLINE>
      <TDFORMAT>=</TDFORMAT>
      <TDLINE>t_Click&lt;/&gt;.</TDLINE>
     </TLINE>
     <TLINE>
      <TDFORMAT>AS</TDFORMAT>
      <TDLINE>In general,  hotspot functionality should be handled by adding entries</TDLINE>
     </TLINE>
     <TLINE>
      <TDLINE>to the ZALV_HOTSPOTS table since the field catalog is modified for</TDLINE>
     </TLINE>
     <TLINE>
      <TDLINE>hotspot functionality by the method</TDLINE>
     </TLINE>
     <TLINE>
      <TDLINE>&lt;DS:CO.ZCL_ALV_WRAPPER               INIT_HOTSPOTS&gt;Init_Hotspots&lt;/&gt;</TDLINE>
     </TLINE>
     <TLINE>
      <TDLINE>however,  this method can be redefined (with the Super Method being</TDLINE>
     </TLINE>
     <TLINE>
      <TDLINE>called by the redefinition) if additional hotspots that cannot be</TDLINE>
     </TLINE>
     <TLINE>
      <TDLINE>defined in the ZALV_HOTSPOTS table are required.</TDLINE>
     </TLINE>
     <TLINE/>
     <TLINE/>
     <TLINE/>
     <TLINE/>
     <TLINE/>
     <TLINE/>
     <TLINE/>
     <TLINE/>
     <TLINE/>
     <TLINE/>
    </LINES>
   </DOC>
  </asx:values>
 </asx:abap>
</abapGit>
