﻿<?xml version="1.0" encoding="utf-8"?>
<abapGit version="v1.0.0" serializer="LCL_OBJECT_DOCT" serializer_version="v1.0.0">
 <asx:abap xmlns:asx="http://www.sap.com/abapxml" version="1.0">
  <asx:values>
   <DOC>
    <HEAD>
     <TDOBJECT>DOKU</TDOBJECT>
     <TDNAME>ZCL_ALV_WRAPPER_HACM_FUNC</TDNAME>
     <TDID>TX</TDID>
     <TDSPRAS>E</TDSPRAS>
     <TDFORM>S_DOCU_SHOW</TDFORM>
     <TDSTYLE>S_DOCUS1</TDSTYLE>
     <TDVERSION>00001</TDVERSION>
     <TDLINESIZE>072</TDLINESIZE>
    </HEAD>
    <LINES>
     <TLINE>
      <TDFORMAT>U1</TDFORMAT>
      <TDLINE>&amp;FUNCTIONALITY&amp;</TDLINE>
     </TLINE>
     <TLINE>
      <TDFORMAT>AS</TDFORMAT>
      <TDLINE>This method is the event handler for the CONTEXT_MENU_REQUEST event for</TDLINE>
     </TLINE>
     <TLINE>
      <TDLINE>the &lt;DS:CL.CL_GUI_ALV_GRID&gt;cl_Gui_Alv_Grid&lt;/&gt; class and handles when</TDLINE>
     </TLINE>
     <TLINE>
      <TDLINE>theuser right clicks on a cell in the grid.</TDLINE>
     </TLINE>
     <TLINE>
      <TDFORMAT>AS</TDFORMAT>
      <TDLINE>This method is a final method and cannot be redefined.  If you wish to</TDLINE>
     </TLINE>
     <TLINE>
      <TDLINE>add additional menu&apos;s to the standard system context menu then redefine</TDLINE>
     </TLINE>
     <TLINE>
      <TDLINE>method &lt;DS:CO.ZCL_ALV_WRAPPER               BUILD_CONTEXT_MENU&gt;Build_Con</TDLINE>
     </TLINE>
     <TLINE>
      <TDFORMAT>=</TDFORMAT>
      <TDLINE>text_Menu&lt;/&gt;.</TDLINE>
     </TLINE>
     <TLINE>
      <TDFORMAT>AS</TDFORMAT>
      <TDLINE>This method limits the reaction of the wrappers context menu handling</TDLINE>
     </TLINE>
     <TLINE>
      <TDLINE>torow types that are defined as handlable by the wrapper in method</TDLINE>
     </TLINE>
     <TLINE>
      <TDLINE>&lt;DS:CO.ZCL_ALV_WRAPPER               HANDLE_ROW&gt;Handle_Row&lt;/&gt;.</TDLINE>
     </TLINE>
     <TLINE>
      <TDFORMAT>AS</TDFORMAT>
      <TDLINE>The method also changes the user command field to the name of the column</TDLINE>
     </TLINE>
     <TLINE>
      <TDLINE>clicked by the user so different context menus can be displayed based</TDLINE>
     </TLINE>
     <TLINE>
      <TDLINE>upon the column name if required.</TDLINE>
     </TLINE>
    </LINES>
   </DOC>
  </asx:values>
 </asx:abap>
</abapGit>
