﻿<?xml version="1.0" encoding="utf-8"?>
<abapGit version="v1.0.0" serializer="LCL_OBJECT_DOCT" serializer_version="v1.0.0">
 <asx:abap xmlns:asx="http://www.sap.com/abapxml" version="1.0">
  <asx:values>
   <DOC>
    <HEAD>
     <TDOBJECT>DOKU</TDOBJECT>
     <TDNAME>ZCL_ALV_WRAPPER_HADC_RES</TDNAME>
     <TDID>TX</TDID>
     <TDSPRAS>E</TDSPRAS>
     <TDFORM>S_DOCU_SHOW</TDFORM>
     <TDSTYLE>S_DOCUS1</TDSTYLE>
     <TDVERSION>00001</TDVERSION>
     <TDLINESIZE>072</TDLINESIZE>
    </HEAD>
    <LINES>
     <TLINE>
      <TDFORMAT>U1</TDFORMAT>
      <TDLINE>&amp;RESULT&amp;</TDLINE>
     </TLINE>
     <TLINE>
      <TDFORMAT>AS</TDFORMAT>
      <TDLINE>Without redefinition,  this method has no function,  however,  if the</TDLINE>
     </TLINE>
     <TLINE>
      <TDLINE>method is redefined the display of errors in the ALV grid becomes</TDLINE>
     </TLINE>
     <TLINE>
      <TDLINE>virtually automatic.</TDLINE>
     </TLINE>
     <TLINE>
      <TDFORMAT>AS</TDFORMAT>
      <TDLINE>The method is passed an instance of cl_Alv_Changed_Data_Protocol.  If it</TDLINE>
     </TLINE>
     <TLINE>
      <TDLINE>adds Error or Warning class messages to the instance using method</TDLINE>
     </TLINE>
     <TLINE>
      <TDLINE>Add_Protocol_Entry then these messages are displayed in an amodal window</TDLINE>
     </TLINE>
     <TLINE>
      <TDLINE>with the relevant cells in the grid highlighted in red or yellow</TDLINE>
     </TLINE>
     <TLINE>
      <TDLINE>depending on the message type.</TDLINE>
     </TLINE>
     <TLINE>
      <TDFORMAT>/</TDFORMAT>
     </TLINE>
     <TLINE>
      <TDFORMAT>/:</TDFORMAT>
      <TDLINE>BITMAP &apos;ZALVW_ERRORS&apos; OBJECT GRAPHICS ID BMAP TYPE BCOL DPI 150</TDLINE>
     </TLINE>
    </LINES>
   </DOC>
  </asx:values>
 </asx:abap>
</abapGit>
