﻿<?xml version="1.0" encoding="utf-8"?>
<abapGit version="v1.0.0" serializer="LCL_OBJECT_DOCT" serializer_version="v1.0.0">
 <asx:abap xmlns:asx="http://www.sap.com/abapxml" version="1.0">
  <asx:values>
   <DOC>
    <HEAD>
     <TDOBJECT>DOKU</TDOBJECT>
     <TDNAME>ZCL_ALV_WRAPPER_GESP_PRE</TDNAME>
     <TDID>TX</TDID>
     <TDSPRAS>E</TDSPRAS>
     <TDFORM>S_DOCU_SHOW</TDFORM>
     <TDSTYLE>S_DOCUS1</TDSTYLE>
     <TDVERSION>00001</TDVERSION>
     <TDLINESIZE>072</TDLINESIZE>
    </HEAD>
    <LINES>
     <TLINE>
      <TDFORMAT>U1</TDFORMAT>
      <TDLINE>&amp;PRECONDITION&amp;</TDLINE>
     </TLINE>
     <TLINE>
      <TDFORMAT>AS</TDFORMAT>
      <TDLINE>Each of the selection parameters on the screen must have an actual</TDLINE>
     </TLINE>
     <TLINE>
      <TDLINE>selection text that is NOT derived from the data dictionary.  You can</TDLINE>
     </TLINE>
     <TLINE>
      <TDLINE>when creating the selection screen derive the parameter texts from the</TDLINE>
     </TLINE>
     <TLINE>
      <TDLINE>dictionary but once they are complete,  remove the &apos;Refer Data</TDLINE>
     </TLINE>
     <TLINE>
      <TDLINE>Dictionary&apos; tick.</TDLINE>
     </TLINE>
     <TLINE/>
     <TLINE/>
     <TLINE/>
     <TLINE/>
    </LINES>
   </DOC>
  </asx:values>
 </asx:abap>
</abapGit>
