﻿<?xml version="1.0" encoding="utf-8"?>
<abapGit version="v1.0.0" serializer="LCL_OBJECT_DOCT" serializer_version="v1.0.0">
 <asx:abap xmlns:asx="http://www.sap.com/abapxml" version="1.0">
  <asx:values>
   <DOC>
    <HEAD>
     <TDOBJECT>DOKU</TDOBJECT>
     <TDNAME>ZCL_ALV_WRAPPER_HAF1_FUNC</TDNAME>
     <TDID>TX</TDID>
     <TDSPRAS>E</TDSPRAS>
     <TDFORM>S_DOCU_SHOW</TDFORM>
     <TDSTYLE>S_DOCUS1</TDSTYLE>
     <TDVERSION>00001</TDVERSION>
     <TDLINESIZE>072</TDLINESIZE>
    </HEAD>
    <LINES>
     <TLINE>
      <TDFORMAT>U1</TDFORMAT>
      <TDLINE>&amp;FUNCTIONALITY&amp;</TDLINE>
     </TLINE>
     <TLINE>
      <TDFORMAT>AS</TDFORMAT>
      <TDLINE>This method is an event handler for the event ONF1 of the</TDLINE>
     </TLINE>
     <TLINE>
      <TDFORMAT>=</TDFORMAT>
      <TDLINE> &lt;DS:CL.CL_GUI_ALV_GRID&gt;cl_Gui_Alv_Grid&lt;/&gt; class.  This event displays</TDLINE>
     </TLINE>
     <TLINE>
      <TDLINE>application specific help for a specified cell in the ALV grid and must</TDLINE>
     </TLINE>
     <TLINE>
      <TDLINE>be redefined before use.</TDLINE>
     </TLINE>
     <TLINE>
      <TDFORMAT>AS</TDFORMAT>
      <TDLINE>If the user requests the F1 help for a cell, the ALV Grid Control tries</TDLINE>
     </TLINE>
     <TLINE>
      <TDLINE>to call the documentation for the associated data element. If no</TDLINE>
     </TLINE>
     <TLINE>
      <TDLINE>documentation exists (for example, because the field has no reference</TDLINE>
     </TLINE>
     <TLINE>
      <TDLINE>tothe Data Dictionary), you can use this event to display a self-defined</TDLINE>
     </TLINE>
     <TLINE>
      <TDLINE>F1 help. You also have the option of overriding the default F1 help.</TDLINE>
     </TLINE>
    </LINES>
   </DOC>
  </asx:values>
 </asx:abap>
</abapGit>
