﻿<?xml version="1.0" encoding="utf-8"?>
<abapGit version="v1.0.0" serializer="LCL_OBJECT_DOCT" serializer_version="v1.0.0">
 <asx:abap xmlns:asx="http://www.sap.com/abapxml" version="1.0">
  <asx:values>
   <DOC>
    <HEAD>
     <TDOBJECT>DOKU</TDOBJECT>
     <TDNAME>ZCL_ALV_WRAPPER_OUTPUT_P_PAR</TDNAME>
     <TDID>TX</TDID>
     <TDSPRAS>E</TDSPRAS>
     <TDFORM>S_DOCU_SHOW</TDFORM>
     <TDSTYLE>S_DOCUS1</TDSTYLE>
     <TDVERSION>00001</TDVERSION>
     <TDLINESIZE>072</TDLINESIZE>
    </HEAD>
    <LINES>
     <TLINE>
      <TDFORMAT>U1</TDFORMAT>
      <TDLINE>&amp;PARAMETERS&amp;</TDLINE>
     </TLINE>
     <TLINE>
      <TDFORMAT>AS</TDFORMAT>
      <TDLINE>The parameters for this method are as follows:</TDLINE>
     </TLINE>
     <TLINE>
      <TDFORMAT>K2</TDFORMAT>
      <TDLINE>Parameter Name,,Type,,Description</TDLINE>
     </TLINE>
     <TLINE>
      <TDFORMAT>T2</TDFORMAT>
      <TDLINE>i_Parms_Area,,Importing,,This parameter is the document area in the</TDLINE>
     </TLINE>
     <TLINE>
      <TDLINE>dynamic document that will be used to display the parameter table.</TDLINE>
     </TLINE>
     <TLINE>
      <TDFORMAT>T2</TDFORMAT>
      <TDLINE>rt_Parms_Area,,Returning,,This parameter is the same document area but</TDLINE>
     </TLINE>
     <TLINE>
      <TDLINE>with a table element added and the various report parameters entered</TDLINE>
     </TLINE>
     <TLINE>
      <TDLINE>into the table.</TDLINE>
     </TLINE>
     <TLINE/>
     <TLINE/>
     <TLINE/>
     <TLINE/>
     <TLINE/>
     <TLINE/>
     <TLINE/>
     <TLINE/>
     <TLINE/>
     <TLINE/>
     <TLINE/>
     <TLINE/>
     <TLINE/>
     <TLINE/>
    </LINES>
   </DOC>
  </asx:values>
 </asx:abap>
</abapGit>
