﻿<?xml version="1.0" encoding="utf-8"?>
<abapGit version="v1.0.0" serializer="LCL_OBJECT_DOCT" serializer_version="v1.0.0">
 <asx:abap xmlns:asx="http://www.sap.com/abapxml" version="1.0">
  <asx:values>
   <DOC>
    <HEAD>
     <TDOBJECT>DOKU</TDOBJECT>
     <TDNAME>ZCL_ALV_WRAPPER_GEFF_FUNC</TDNAME>
     <TDID>TX</TDID>
     <TDSPRAS>E</TDSPRAS>
     <TDFORM>S_DOCU_SHOW</TDFORM>
     <TDSTYLE>S_DOCUS1</TDSTYLE>
     <TDVERSION>00001</TDVERSION>
     <TDLINESIZE>072</TDLINESIZE>
    </HEAD>
    <LINES>
     <TLINE>
      <TDFORMAT>U1</TDFORMAT>
      <TDLINE>&amp;FUNCTIONALITY&amp;</TDLINE>
     </TLINE>
     <TLINE>
      <TDFORMAT>AS</TDFORMAT>
      <TDLINE>This method is a redefinition of the GET_FRONTEND_FIELDCATALOG method</TDLINE>
     </TLINE>
     <TLINE>
      <TDLINE>ofthe CL_GUI_ALV_GRID class.  This method has been redefined because the</TDLINE>
     </TLINE>
     <TLINE>
      <TDLINE>field catalog for the grid is required by other methods in the wrapper</TDLINE>
     </TLINE>
     <TLINE>
      <TDLINE>at an earlier time that that provided by the normal ALV Grid processing.</TDLINE>
     </TLINE>
     <TLINE>
      <TDFORMAT>AS</TDFORMAT>
      <TDLINE>The field catalog is stored locally by the</TDLINE>
     </TLINE>
     <TLINE>
      <TDLINE>&lt;DS:CO.ZCL_ALV_WRAPPER               SET_FRONTEND_FIELDCATALOG&gt;Set_Front</TDLINE>
     </TLINE>
     <TLINE>
      <TDFORMAT>=</TDFORMAT>
      <TDLINE>End_FieldCatalog&lt;/&gt; method.</TDLINE>
     </TLINE>
     <TLINE>
      <TDFORMAT>AS</TDFORMAT>
      <TDLINE>The redefinition calls the Super method.  If the front end catalog</TDLINE>
     </TLINE>
     <TLINE>
      <TDLINE>returned by the Super method is initial then the local copy of the field</TDLINE>
     </TLINE>
     <TLINE>
      <TDLINE>catalog is used.</TDLINE>
     </TLINE>
    </LINES>
   </DOC>
  </asx:values>
 </asx:abap>
</abapGit>
