﻿<?xml version="1.0" encoding="utf-8"?>
<abapGit version="v1.0.0" serializer="LCL_OBJECT_DOCT" serializer_version="v1.0.0">
 <asx:abap xmlns:asx="http://www.sap.com/abapxml" version="1.0">
  <asx:values>
   <DOC>
    <HEAD>
     <TDOBJECT>DOKU</TDOBJECT>
     <TDNAME>ZCL_ALV_WRAPPER_SREF</TDNAME>
     <TDID>TX</TDID>
     <TDSPRAS>E</TDSPRAS>
     <TDFORM>S_DOCU_SHOW</TDFORM>
     <TDSTYLE>S_DOCUS1</TDSTYLE>
     <TDVERSION>00001</TDVERSION>
     <TDLINESIZE>072</TDLINESIZE>
    </HEAD>
    <LINES>
     <TLINE>
      <TDFORMAT>U1</TDFORMAT>
      <TDLINE>&amp;MEANING&amp;</TDLINE>
     </TLINE>
     <TLINE>
      <TDFORMAT>AS</TDFORMAT>
      <TDLINE>This attribute is a constant attribute that specifies the value</TDLINE>
     </TLINE>
     <TLINE>
      <TDLINE>returnedby the &lt;DS:ABAP.DESCRIBE&gt;DESCRIBE&lt;/&gt; command for a variable that</TDLINE>
     </TLINE>
     <TLINE>
      <TDLINE>is typed as a string.  This attribute is used in the various Get and Set</TDLINE>
     </TLINE>
     <TLINE>
      <TDLINE>routines implemented for access to the class attributes.  This</TDLINE>
     </TLINE>
     <TLINE>
      <TDLINE>attributeis a protected attribute and is accessable by this class and</TDLINE>
     </TLINE>
     <TLINE>
      <TDLINE>any subclasses of this class.</TDLINE>
     </TLINE>
    </LINES>
   </DOC>
  </asx:values>
 </asx:abap>
</abapGit>
