﻿<?xml version="1.0" encoding="utf-8"?>
<abapGit version="v1.0.0" serializer="LCL_OBJECT_DOCT" serializer_version="v1.0.0">
 <asx:abap xmlns:asx="http://www.sap.com/abapxml" version="1.0">
  <asx:values>
   <DOC>
    <HEAD>
     <TDOBJECT>DOKU</TDOBJECT>
     <TDNAME>ZCL_ALV_WRAPPER_HADF_FUNC</TDNAME>
     <TDID>TX</TDID>
     <TDSPRAS>E</TDSPRAS>
     <TDFORM>S_DOCU_SHOW</TDFORM>
     <TDSTYLE>S_DOCUS1</TDSTYLE>
     <TDVERSION>00001</TDVERSION>
     <TDLINESIZE>072</TDLINESIZE>
    </HEAD>
    <LINES>
     <TLINE>
      <TDFORMAT>U1</TDFORMAT>
      <TDLINE>&amp;FUNCTIONALITY&amp;</TDLINE>
     </TLINE>
     <TLINE>
      <TDFORMAT>AS</TDFORMAT>
      <TDLINE>This method handles the DATA_CHANGED_FINISHED event of the</TDLINE>
     </TLINE>
     <TLINE>
      <TDLINE>&lt;DS:CL.CL_GUI_ALV_GRID&gt;cl_Gui_Alv_Grid&lt;/&gt; class.  This event is raised</TDLINE>
     </TLINE>
     <TLINE>
      <TDLINE>when an editable grid has been changed and crucially those changes are</TDLINE>
     </TLINE>
     <TLINE>
      <TDLINE>error free.  No changes are made to the data in the underlying table</TDLINE>
     </TLINE>
     <TLINE>
      <TDLINE>until this method has been called.</TDLINE>
     </TLINE>
     <TLINE>
      <TDFORMAT>AS</TDFORMAT>
      <TDLINE>This method can be redefined but the Super method should be called as</TDLINE>
     </TLINE>
     <TLINE>
      <TDLINE>the first action in the redefinition.</TDLINE>
     </TLINE>
     <TLINE/>
     <TLINE/>
     <TLINE/>
    </LINES>
   </DOC>
  </asx:values>
 </asx:abap>
</abapGit>
