﻿<?xml version="1.0" encoding="utf-8"?>
<abapGit version="v1.0.0" serializer="LCL_OBJECT_DOCT" serializer_version="v1.0.0">
 <asx:abap xmlns:asx="http://www.sap.com/abapxml" version="1.0">
  <asx:values>
   <DOC>
    <HEAD>
     <TDOBJECT>DOKU</TDOBJECT>
     <TDNAME>ZCL_ALV_WRAPPER_HOPR_PRE</TDNAME>
     <TDID>TX</TDID>
     <TDSPRAS>E</TDSPRAS>
     <TDFORM>S_DOCU_SHOW</TDFORM>
     <TDSTYLE>S_DOCUS1</TDSTYLE>
     <TDVERSION>00001</TDVERSION>
     <TDLINESIZE>072</TDLINESIZE>
    </HEAD>
    <LINES>
     <TLINE>
      <TDFORMAT>U1</TDFORMAT>
      <TDLINE>&amp;PRECONDITION&amp;</TDLINE>
     </TLINE>
     <TLINE>
      <TDFORMAT>AS</TDFORMAT>
      <TDLINE>This functionality is driven by table</TDLINE>
     </TLINE>
     <TLINE>
      <TDLINE>&lt;DS:TB.ZALV_HOTSPOTS&gt;ZALV_HOTSPOTS&lt;/&gt;.  This table defines which</TDLINE>
     </TLINE>
     <TLINE>
      <TDLINE>transaction can be used for displaying information for individual</TDLINE>
     </TLINE>
     <TLINE>
      <TDLINE>rollnames or data elements.  For this functionality to become automated</TDLINE>
     </TLINE>
     <TLINE>
      <TDLINE>and available to every ALV grid that uses this wrapper this table</TDLINE>
     </TLINE>
     <TLINE>
      <TDLINE>should have the relevant entries maintained in it.</TDLINE>
     </TLINE>
     <TLINE/>
     <TLINE/>
     <TLINE/>
     <TLINE/>
     <TLINE/>
     <TLINE/>
     <TLINE/>
     <TLINE/>
    </LINES>
   </DOC>
  </asx:values>
 </asx:abap>
</abapGit>
