﻿<?xml version="1.0" encoding="utf-8"?>
<abapGit version="v1.0.0" serializer="LCL_OBJECT_DOCT" serializer_version="v1.0.0">
 <asx:abap xmlns:asx="http://www.sap.com/abapxml" version="1.0">
  <asx:values>
   <DOC>
    <HEAD>
     <TDOBJECT>DOKU</TDOBJECT>
     <TDNAME>ZCL_ALV_WRAPPER_HAPL_PRE</TDNAME>
     <TDID>TX</TDID>
     <TDSPRAS>E</TDSPRAS>
     <TDFORM>S_DOCU_SHOW</TDFORM>
     <TDSTYLE>S_DOCUS1</TDSTYLE>
     <TDVERSION>00001</TDVERSION>
     <TDLINESIZE>072</TDLINESIZE>
    </HEAD>
    <LINES>
     <TLINE>
      <TDFORMAT>U1</TDFORMAT>
      <TDLINE>&amp;PRECONDITION&amp;</TDLINE>
     </TLINE>
     <TLINE>
      <TDFORMAT>AS</TDFORMAT>
      <TDLINE>The major pre-requisite for this method to work properly is that at</TDLINE>
     </TLINE>
     <TLINE>
      <TDLINE>least one line is reserved on the page.  This is done automatically by</TDLINE>
     </TLINE>
     <TLINE>
      <TDLINE>the method &lt;DS:CO.ZCL_ALV_WRAPPER               BUILD_ALV_PRINT_LAYOUT&gt;B</TDLINE>
     </TLINE>
     <TLINE>
      <TDFORMAT>=</TDFORMAT>
      <TDLINE>uild_Alv_Print_Layout&lt;/&gt; however,  if you modify the footer handling</TDLINE>
     </TLINE>
     <TLINE>
      <TDLINE>to output more than one line then you will need to redefine the above</TDLINE>
     </TLINE>
     <TLINE>
      <TDLINE>method as well to increase the number of reserved lines.</TDLINE>
     </TLINE>
     <TLINE/>
     <TLINE/>
     <TLINE/>
     <TLINE/>
     <TLINE/>
     <TLINE/>
     <TLINE/>
    </LINES>
   </DOC>
  </asx:values>
 </asx:abap>
</abapGit>
