﻿<?xml version="1.0" encoding="utf-8"?>
<abapGit version="v1.0.0" serializer="LCL_OBJECT_DOCT" serializer_version="v1.0.0">
 <asx:abap xmlns:asx="http://www.sap.com/abapxml" version="1.0">
  <asx:values>
   <DOC>
    <HEAD>
     <TDOBJECT>DOKU</TDOBJECT>
     <TDNAME>ZCL_ALV_WRAPPER_INIT_H_EXP</TDNAME>
     <TDID>TX</TDID>
     <TDSPRAS>E</TDSPRAS>
     <TDFORM>S_DOCU_SHOW</TDFORM>
     <TDSTYLE>S_DOCUS1</TDSTYLE>
     <TDVERSION>00001</TDVERSION>
     <TDLINESIZE>072</TDLINESIZE>
    </HEAD>
    <LINES>
     <TLINE>
      <TDFORMAT>U1</TDFORMAT>
      <TDLINE>&amp;HINTS&amp;</TDLINE>
     </TLINE>
     <TLINE>
      <TDFORMAT>PE</TDFORMAT>
      <TDLINE>  method DISPLAY_TABLE.</TDLINE>
     </TLINE>
     <TLINE>
      <TDFORMAT>/</TDFORMAT>
      <TDLINE>*</TDLINE>
     </TLINE>
     <TLINE>
      <TDFORMAT>/</TDFORMAT>
      <TDLINE>       Constants: c_sv_Save_All_Modes Type Alv_Save_Layout_Type Value &apos;A</TDLINE>
     </TLINE>
     <TLINE>
      <TDFORMAT>=</TDFORMAT>
      <TDLINE>.</TDLINE>
     </TLINE>
     <TLINE>
      <TDFORMAT>/</TDFORMAT>
      <TDLINE>*</TDLINE>
     </TLINE>
     <TLINE>
      <TDFORMAT>/</TDFORMAT>
      <TDLINE>       Field-Symbols: &lt;f_Data_Table&gt;  Type Standard Table.</TDLINE>
     </TLINE>
     <TLINE>
      <TDFORMAT>/</TDFORMAT>
      <TDLINE>*</TDLINE>
     </TLINE>
     <TLINE>
      <TDFORMAT>/</TDFORMAT>
      <TDLINE>       Data: ls_Variant               Type ALV_Variant,</TDLINE>
     </TLINE>
     <TLINE>
      <TDFORMAT>/</TDFORMAT>
      <TDLINE>             lt_Field_Cat             Type ALV_Grid_FieldCatalog.</TDLINE>
     </TLINE>
     <TLINE>
      <TDFORMAT>/</TDFORMAT>
      <TDLINE>*</TDLINE>
     </TLINE>
     <TLINE>
      <TDFORMAT>/</TDFORMAT>
      <TDLINE>       ls_Variant = Me-&gt;Build_Alv_Variant( i_Vari ).</TDLINE>
     </TLINE>
     <TLINE>
      <TDFORMAT>/</TDFORMAT>
      <TDLINE>*</TDLINE>
     </TLINE>
     <TLINE>
      <TDFORMAT>/</TDFORMAT>
      <TDLINE>*      Colour the cells and rows.</TDLINE>
     </TLINE>
     <TLINE>
      <TDFORMAT>/</TDFORMAT>
      <TDLINE>*</TDLINE>
     </TLINE>
     <TLINE>
      <TDFORMAT>/</TDFORMAT>
      <TDLINE>       Me-&gt;ReColour( Me-&gt;_Data ).</TDLINE>
     </TLINE>
     <TLINE>
      <TDFORMAT>/</TDFORMAT>
      <TDLINE>       Assign Me-&gt;_Data-&gt;* to &lt;f_Data_Table&gt;.</TDLINE>
     </TLINE>
     <TLINE>
      <TDFORMAT>/</TDFORMAT>
      <TDLINE>       lt_Field_Cat = Me-&gt;Build_Alv_Field_Catalog( ).</TDLINE>
     </TLINE>
     <TLINE>
      <TDFORMAT>/</TDFORMAT>
      <TDLINE>*</TDLINE>
     </TLINE>
     <TLINE>
      <TDFORMAT>/</TDFORMAT>
      <TDLINE>*      Initialise the hotspots.</TDLINE>
     </TLINE>
     <TLINE>
      <TDFORMAT>/</TDFORMAT>
      <TDLINE>*</TDLINE>
     </TLINE>
     <TLINE>
      <TDFORMAT>/</TDFORMAT>
      <TDLINE>       Me-&gt;Init_Hotspots( Changing ht_Field_Catalog = lt_Field_Cat ).</TDLINE>
     </TLINE>
     <TLINE>
      <TDFORMAT>/</TDFORMAT>
      <TDLINE>*</TDLINE>
     </TLINE>
     <TLINE>
      <TDFORMAT>/</TDFORMAT>
      <TDLINE>       Call Method Me-&gt;Set_Table_For_First_Display</TDLINE>
     </TLINE>
     <TLINE>
      <TDFORMAT>/</TDFORMAT>
      <TDLINE>         Exporting</TDLINE>
     </TLINE>
     <TLINE>
      <TDFORMAT>/</TDFORMAT>
      <TDLINE>            is_Variant                    = ls_Variant</TDLINE>
     </TLINE>
     <TLINE>
      <TDFORMAT>/</TDFORMAT>
      <TDLINE>            i_Save                        = c_sv_Save_All_Modes</TDLINE>
     </TLINE>
     <TLINE>
      <TDFORMAT>/</TDFORMAT>
      <TDLINE>            is_Layout                     = Me-&gt;Build_Alv_Layout( )</TDLINE>
     </TLINE>
     <TLINE>
      <TDFORMAT>/</TDFORMAT>
      <TDLINE>            it_Toolbar_Excluding          = Me-&gt;Exclude_Buttons( )</TDLINE>
     </TLINE>
     <TLINE>
      <TDFORMAT>/</TDFORMAT>
      <TDLINE>         Changing</TDLINE>
     </TLINE>
     <TLINE>
      <TDFORMAT>/</TDFORMAT>
      <TDLINE>            it_Outtab                     = &lt;f_Data_Table&gt;</TDLINE>
     </TLINE>
     <TLINE>
      <TDFORMAT>/</TDFORMAT>
      <TDLINE>            it_Fieldcatalog               = lt_Field_Cat</TDLINE>
     </TLINE>
     <TLINE>
      <TDFORMAT>/</TDFORMAT>
      <TDLINE>         Exceptions</TDLINE>
     </TLINE>
     <TLINE>
      <TDFORMAT>/</TDFORMAT>
      <TDLINE>            Invalid_Parameter_Combination = 1</TDLINE>
     </TLINE>
     <TLINE>
      <TDFORMAT>/</TDFORMAT>
      <TDLINE>            Program_Error                 = 2</TDLINE>
     </TLINE>
     <TLINE>
      <TDFORMAT>/</TDFORMAT>
      <TDLINE>            Too_Many_Lines                = 3</TDLINE>
     </TLINE>
     <TLINE>
      <TDFORMAT>/</TDFORMAT>
      <TDLINE>            Others                        = 4.</TDLINE>
     </TLINE>
     <TLINE>
      <TDFORMAT>/</TDFORMAT>
      <TDLINE>*</TDLINE>
     </TLINE>
     <TLINE>
      <TDFORMAT>/</TDFORMAT>
      <TDLINE>  endmethod.</TDLINE>
     </TLINE>
     <TLINE/>
     <TLINE/>
     <TLINE/>
     <TLINE/>
     <TLINE/>
     <TLINE/>
     <TLINE/>
     <TLINE/>
     <TLINE/>
    </LINES>
   </DOC>
  </asx:values>
 </asx:abap>
</abapGit>
