﻿<?xml version="1.0" encoding="utf-8"?>
<abapGit version="v1.0.0" serializer="LCL_OBJECT_DOCT" serializer_version="v1.0.0">
 <asx:abap xmlns:asx="http://www.sap.com/abapxml" version="1.0">
  <asx:values>
   <DOC>
    <HEAD>
     <TDOBJECT>DOKU</TDOBJECT>
     <TDNAME>ZCL_ALV_WRAPPER_HAOG_HAOP_PA</TDNAME>
     <TDID>TX</TDID>
     <TDSPRAS>E</TDSPRAS>
     <TDFORM>S_DOCU_SHOW</TDFORM>
     <TDSTYLE>S_DOCUS1</TDSTYLE>
     <TDVERSION>00001</TDVERSION>
     <TDLINESIZE>072</TDLINESIZE>
    </HEAD>
    <LINES>
     <TLINE>
      <TDFORMAT>AS</TDFORMAT>
      <TDLINE>The drag and drop object has a structure that allows a custom object to</TDLINE>
     </TLINE>
     <TLINE>
      <TDLINE>be embedded in it.  This can be a redefinition of the cl_DragDropObject</TDLINE>
     </TLINE>
     <TLINE>
      <TDLINE>if required.The attributes that can be used are:</TDLINE>
     </TLINE>
     <TLINE>
      <TDFORMAT>B1</TDFORMAT>
      <TDLINE>Object</TDLINE>
     </TLINE>
     <TLINE>
      <TDFORMAT>/</TDFORMAT>
      <TDLINE>This attribute is a custom object designed for the local application</TDLINE>
     </TLINE>
     <TLINE>
      <TDLINE>that contains the information required to complete the Drag And Drop</TDLINE>
     </TLINE>
     <TLINE>
      <TDLINE>operation.  For example,  it may ba an object with a single attribute</TDLINE>
     </TLINE>
     <TLINE>
      <TDLINE>ofa row number,  or it may be a table of row numbers and an embedded ALV</TDLINE>
     </TLINE>
     <TLINE>
      <TDLINE>grid,  the row numbers being used to extract the relevant rows from the</TDLINE>
     </TLINE>
     <TLINE>
      <TDLINE>grid.</TDLINE>
     </TLINE>
     <TLINE>
      <TDFORMAT>B1</TDFORMAT>
      <TDLINE>Effect</TDLINE>
     </TLINE>
     <TLINE>
      <TDFORMAT>/</TDFORMAT>
      <TDLINE>This field determines the effect of the Drag and Drop.  Is the data</TDLINE>
     </TLINE>
     <TLINE>
      <TDLINE>being copied (ie the original data remains),  or is it being moved (the</TDLINE>
     </TLINE>
     <TLINE>
      <TDLINE>original data is deleted).  The values to populate this field are</TDLINE>
     </TLINE>
     <TLINE>
      <TDLINE>derived from cl_dragdrop=&gt;copy and cl_dragdrop=&gt;move.</TDLINE>
     </TLINE>
     <TLINE>
      <TDFORMAT>B1</TDFORMAT>
      <TDLINE>Flavour</TDLINE>
     </TLINE>
     <TLINE>
      <TDFORMAT>/</TDFORMAT>
      <TDLINE>The &apos;Flavour&apos; of the drag and drop operation is just a locally defined</TDLINE>
     </TLINE>
     <TLINE>
      <TDLINE>string describing what is happening.  This is set by a call to</TDLINE>
     </TLINE>
     <TLINE>
      <TDLINE>&apos;SET_FLAVOUR&apos; in the Drag and Drop object.  This method (Check_Flavour)</TDLINE>
     </TLINE>
     <TLINE>
      <TDLINE>should be redefined by the local redefinition of the drag and drop</TDLINE>
     </TLINE>
     <TLINE>
      <TDLINE>object so that valid flavours can be checked.</TDLINE>
     </TLINE>
     <TLINE>
      <TDFORMAT>B1</TDFORMAT>
      <TDLINE>State</TDLINE>
     </TLINE>
     <TLINE>
      <TDFORMAT>/</TDFORMAT>
      <TDLINE>The state of the object,  defined by the STATE_* attributes.</TDLINE>
     </TLINE>
     <TLINE>
      <TDFORMAT>B1</TDFORMAT>
      <TDLINE>DragSourceCtrl</TDLINE>
     </TLINE>
     <TLINE>
      <TDFORMAT>/</TDFORMAT>
      <TDLINE>The source control where the data is coming from</TDLINE>
     </TLINE>
     <TLINE>
      <TDFORMAT>B1</TDFORMAT>
      <TDLINE>DragTargetCtrl</TDLINE>
     </TLINE>
     <TLINE>
      <TDFORMAT>/</TDFORMAT>
      <TDLINE>The target control.</TDLINE>
     </TLINE>
    </LINES>
   </DOC>
  </asx:values>
 </asx:abap>
</abapGit>
