﻿<?xml version="1.0" encoding="utf-8"?>
<abapGit version="v1.0.0" serializer="LCL_OBJECT_DOCT" serializer_version="v1.0.0">
 <asx:abap xmlns:asx="http://www.sap.com/abapxml" version="1.0">
  <asx:values>
   <DOC>
    <HEAD>
     <TDOBJECT>DOKU</TDOBJECT>
     <TDNAME>ZCL_ALV_WRAPPER_MAPIC_PAR</TDNAME>
     <TDID>TX</TDID>
     <TDSPRAS>E</TDSPRAS>
     <TDFORM>S_DOCU_SHOW</TDFORM>
     <TDSTYLE>S_DOCUS1</TDSTYLE>
     <TDVERSION>00001</TDVERSION>
     <TDLINESIZE>072</TDLINESIZE>
    </HEAD>
    <LINES>
     <TLINE>
      <TDFORMAT>U1</TDFORMAT>
      <TDLINE>&amp;PARAMETERS&amp;</TDLINE>
     </TLINE>
     <TLINE>
      <TDFORMAT>AS</TDFORMAT>
      <TDLINE>There are two parameters used by this method.</TDLINE>
     </TLINE>
     <TLINE>
      <TDFORMAT>K3</TDFORMAT>
      <TDLINE>Name,,Type,,Definition,,Meaning</TDLINE>
     </TLINE>
     <TLINE>
      <TDFORMAT>T3</TDFORMAT>
      <TDLINE>is_Row_Colour,,Importing,,Row_Colouring,,The basic row colour</TDLINE>
     </TLINE>
     <TLINE>
      <TDFORMAT>T3</TDFORMAT>
      <TDLINE>rs_Input_Colour,,Returning,,Cell_Colour_Struc,,The colour to use for an</TDLINE>
     </TLINE>
     <TLINE>
      <TDLINE>input cell.</TDLINE>
     </TLINE>
     <TLINE/>
     <TLINE/>
     <TLINE/>
     <TLINE/>
     <TLINE/>
     <TLINE/>
     <TLINE/>
     <TLINE/>
     <TLINE/>
     <TLINE/>
     <TLINE/>
     <TLINE/>
    </LINES>
   </DOC>
  </asx:values>
 </asx:abap>
</abapGit>
