﻿<?xml version="1.0" encoding="utf-8"?>
<abapGit version="v1.0.0" serializer="LCL_OBJECT_DOCT" serializer_version="v1.0.0">
 <asx:abap xmlns:asx="http://www.sap.com/abapxml" version="1.0">
  <asx:values>
   <DOC>
    <HEAD>
     <TDOBJECT>DOKU</TDOBJECT>
     <TDNAME>ZCL_ALV_WRAPPER_HAMB_FUNC</TDNAME>
     <TDID>TX</TDID>
     <TDSPRAS>E</TDSPRAS>
     <TDFORM>S_DOCU_SHOW</TDFORM>
     <TDSTYLE>S_DOCUS1</TDSTYLE>
     <TDVERSION>00001</TDVERSION>
     <TDLINESIZE>072</TDLINESIZE>
    </HEAD>
    <LINES>
     <TLINE>
      <TDFORMAT>AS</TDFORMAT>
      <TDLINE>This method implements the TOOLBAR_BUTTON event of the</TDLINE>
     </TLINE>
     <TLINE>
      <TDLINE>&lt;DS:CL.CL_GUI_ALV_GRID&gt;cl_Gui_Alv_Grid&lt;/&gt; class.  This method needs to</TDLINE>
     </TLINE>
     <TLINE>
      <TDLINE>to be redefined by the local class using the ALV Wrapper as a base</TDLINE>
     </TLINE>
     <TLINE>
      <TDLINE>class.</TDLINE>
     </TLINE>
     <TLINE>
      <TDFORMAT>AS</TDFORMAT>
      <TDLINE>A Menu Button is a button on the toolbar that has multiple options and</TDLINE>
     </TLINE>
     <TLINE>
      <TDLINE>is denoted by buttons that have a small arrow in the lower right corner</TDLINE>
     </TLINE>
     <TLINE>
      <TDLINE>of the button.  Clicking this arrow generates a context menu request</TDLINE>
     </TLINE>
     <TLINE>
      <TDLINE>which is then passed to this method.</TDLINE>
     </TLINE>
     <TLINE/>
     <TLINE/>
    </LINES>
   </DOC>
  </asx:values>
 </asx:abap>
</abapGit>
