﻿<?xml version="1.0" encoding="utf-8"?>
<abapGit version="v1.0.0" serializer="LCL_OBJECT_DOCT" serializer_version="v1.0.0">
 <asx:abap xmlns:asx="http://www.sap.com/abapxml" version="1.0">
  <asx:values>
   <DOC>
    <HEAD>
     <TDOBJECT>DOKU</TDOBJECT>
     <TDNAME>ZCL_ALV_WRAPPER_HATP_FUNC</TDNAME>
     <TDID>TX</TDID>
     <TDSPRAS>E</TDSPRAS>
     <TDFORM>S_DOCU_SHOW</TDFORM>
     <TDSTYLE>S_DOCUS1</TDSTYLE>
     <TDVERSION>00001</TDVERSION>
     <TDLINESIZE>072</TDLINESIZE>
    </HEAD>
    <LINES>
     <TLINE>
      <TDFORMAT>U1</TDFORMAT>
      <TDLINE>&amp;FUNCTIONALITY&amp;</TDLINE>
     </TLINE>
     <TLINE>
      <TDFORMAT>AS</TDFORMAT>
      <TDLINE>This method is the event handler for the PRINT_TOP_OF_PAGE for the</TDLINE>
     </TLINE>
     <TLINE>
      <TDLINE>&lt;DS:CL.CL_GUI_ALV_GRID&gt;cl_Gui_Alv_Grid&lt;/&gt; class and is called at the</TDLINE>
     </TLINE>
     <TLINE>
      <TDLINE>start of every page printed.</TDLINE>
     </TLINE>
     <TLINE>
      <TDFORMAT>AS</TDFORMAT>
      <TDLINE>This method should be redefined by the local application.  You should</TDLINE>
     </TLINE>
     <TLINE>
      <TDLINE>also consider redefining &lt;DS:CO.ZCL_ALV_WRAPPER               BUILD_ALV_</TDLINE>
     </TLINE>
     <TLINE>
      <TDFORMAT>=</TDFORMAT>
      <TDLINE>PRINT_LAYOUT&gt;Build_Alv_Print_Layout&lt;/&gt; so that the selection criteria</TDLINE>
     </TLINE>
     <TLINE>
      <TDLINE>and List Information is not printed.</TDLINE>
     </TLINE>
     <TLINE/>
     <TLINE/>
     <TLINE/>
     <TLINE/>
     <TLINE/>
     <TLINE/>
     <TLINE/>
     <TLINE/>
     <TLINE/>
    </LINES>
   </DOC>
  </asx:values>
 </asx:abap>
</abapGit>
