﻿<?xml version="1.0" encoding="utf-8"?>
<abapGit version="v1.0.0" serializer="LCL_OBJECT_DOCT" serializer_version="v1.0.0">
 <asx:abap xmlns:asx="http://www.sap.com/abapxml" version="1.0">
  <asx:values>
   <DOC>
    <HEAD>
     <TDOBJECT>DOKU</TDOBJECT>
     <TDNAME>ZCL_ALV_WRAPPER_HARO_FUNC</TDNAME>
     <TDID>TX</TDID>
     <TDSPRAS>E</TDSPRAS>
     <TDFORM>S_DOCU_SHOW</TDFORM>
     <TDSTYLE>S_DOCUS1</TDSTYLE>
     <TDVERSION>00001</TDVERSION>
     <TDLINESIZE>072</TDLINESIZE>
    </HEAD>
    <LINES>
     <TLINE>
      <TDFORMAT>U1</TDFORMAT>
      <TDLINE>&amp;FUNCTIONALITY&amp;</TDLINE>
     </TLINE>
     <TLINE>
      <TDFORMAT>AS</TDFORMAT>
      <TDLINE>When a user selects a row in an ALV grid they can right click a cell in</TDLINE>
     </TLINE>
     <TLINE>
      <TDLINE>that row and expect a drop down menu to be displayed.  This is all so</TDLINE>
     </TLINE>
     <TLINE>
      <TDLINE>well and good for the normal cells in an ALV grid but if this happens</TDLINE>
     </TLINE>
     <TLINE>
      <TDLINE>ona subtotal or a total line the value of a cell may be indeterminate.</TDLINE>
     </TLINE>
     <TLINE>
      <TDFORMAT>AS</TDFORMAT>
      <TDLINE>This method looks at the row passed to the handler and determines if the</TDLINE>
     </TLINE>
     <TLINE>
      <TDLINE>row can be processed by a context menu or not.</TDLINE>
     </TLINE>
    </LINES>
   </DOC>
  </asx:values>
 </asx:abap>
</abapGit>
