﻿<?xml version="1.0" encoding="utf-8"?>
<abapGit version="v1.0.0" serializer="LCL_OBJECT_DOCT" serializer_version="v1.0.0">
 <asx:abap xmlns:asx="http://www.sap.com/abapxml" version="1.0">
  <asx:values>
   <DOC>
    <HEAD>
     <TDOBJECT>DOKU</TDOBJECT>
     <TDNAME>ZCL_ALV_WRAPPER_HOTSPOTS</TDNAME>
     <TDID>TX</TDID>
     <TDSPRAS>E</TDSPRAS>
     <TDFORM>S_DOCU_SHOW</TDFORM>
     <TDSTYLE>S_DOCUS1</TDSTYLE>
     <TDVERSION>00001</TDVERSION>
     <TDLINESIZE>072</TDLINESIZE>
    </HEAD>
    <LINES>
     <TLINE>
      <TDFORMAT>AS</TDFORMAT>
      <TDLINE>The wrapper automatically provides hotspot functionality for fields</TDLINE>
     </TLINE>
     <TLINE>
      <TDLINE>that have data elements that are defined in the</TDLINE>
     </TLINE>
     <TLINE>
      <TDLINE>&lt;DS:TB.ZALV_HOTSPOTS&gt;ZALV_HOTSPOTS&lt;/&gt; table.  This attribute is an</TDLINE>
     </TLINE>
     <TLINE>
      <TDLINE>internal table that holds the various hotspots that have been found</TDLINE>
     </TLINE>
     <TLINE>
      <TDLINE>by the wrapper,  or added by a local class.</TDLINE>
     </TLINE>
    </LINES>
   </DOC>
  </asx:values>
 </asx:abap>
</abapGit>
