﻿<?xml version="1.0" encoding="utf-8"?>
<abapGit version="v1.0.0" serializer="LCL_OBJECT_DOCT" serializer_version="v1.0.0">
 <asx:abap xmlns:asx="http://www.sap.com/abapxml" version="1.0">
  <asx:values>
   <DOC>
    <HEAD>
     <TDOBJECT>DOKU</TDOBJECT>
     <TDNAME>ZCL_ALV_WRAPPER_CASI_FUNC</TDNAME>
     <TDID>TX</TDID>
     <TDSPRAS>E</TDSPRAS>
     <TDFORM>S_DOCU_SHOW</TDFORM>
     <TDSTYLE>S_DOCUS1</TDSTYLE>
     <TDVERSION>00001</TDVERSION>
     <TDLINESIZE>072</TDLINESIZE>
    </HEAD>
    <LINES>
     <TLINE>
      <TDFORMAT>U1</TDFORMAT>
      <TDLINE>&amp;FUNCTIONALITY&amp;</TDLINE>
     </TLINE>
     <TLINE>
      <TDFORMAT>AS</TDFORMAT>
      <TDLINE>Where a column that is subject to sub-totalling is also a hotspot, the</TDLINE>
     </TLINE>
     <TLINE>
      <TDLINE>row index passed to the various methods refers to an incorrect row in</TDLINE>
     </TLINE>
     <TLINE>
      <TDLINE>the main data table.  Rather it refers to a row in a &apos;Summary&apos; style</TDLINE>
     </TLINE>
     <TLINE>
      <TDLINE>table summarized at the relevant sub-total level.</TDLINE>
     </TLINE>
     <TLINE>
      <TDFORMAT>AS</TDFORMAT>
      <TDLINE>If a clicked row is a sub-total row,  this method which is called by</TDLINE>
     </TLINE>
     <TLINE>
      <TDLINE>method &lt;DS:CO.ZCL_ALV_WRAPPER               CALCULATE_ROW_INDEX&gt;Calculat</TDLINE>
     </TLINE>
     <TLINE>
      <TDFORMAT>=</TDFORMAT>
      <TDLINE>e_Row_Index&lt;/&gt; builds the subtotalling table and uses that to get the</TDLINE>
     </TLINE>
     <TLINE>
      <TDLINE>relevant information to use.</TDLINE>
     </TLINE>
    </LINES>
   </DOC>
  </asx:values>
 </asx:abap>
</abapGit>
