﻿<?xml version="1.0" encoding="utf-8"?>
<abapGit version="v1.0.0" serializer="LCL_OBJECT_DOCT" serializer_version="v1.0.0">
 <asx:abap xmlns:asx="http://www.sap.com/abapxml" version="1.0">
  <asx:values>
   <DOC>
    <HEAD>
     <TDOBJECT>DOKU</TDOBJECT>
     <TDNAME>ZCL_ALV_WRAPPER_SORT_P_PAR</TDNAME>
     <TDID>TX</TDID>
     <TDSPRAS>E</TDSPRAS>
     <TDFORM>S_DOCU_SHOW</TDFORM>
     <TDSTYLE>S_DOCUS1</TDSTYLE>
     <TDVERSION>00001</TDVERSION>
     <TDLINESIZE>072</TDLINESIZE>
    </HEAD>
    <LINES>
     <TLINE>
      <TDFORMAT>U1</TDFORMAT>
      <TDLINE>&amp;PARAMETERS&amp;</TDLINE>
     </TLINE>
     <TLINE>
      <TDFORMAT>AS</TDFORMAT>
      <TDLINE>The parameters for this method are:</TDLINE>
     </TLINE>
     <TLINE>
      <TDFORMAT>K2</TDFORMAT>
      <TDLINE>Parameter Name,,Type,,Description</TDLINE>
     </TLINE>
     <TLINE>
      <TDFORMAT>T2</TDFORMAT>
      <TDLINE>IT_SORT_INFO,,Importing,,A table describing the the sort information</TDLINE>
     </TLINE>
     <TLINE>
      <TDLINE>forthe grid.</TDLINE>
     </TLINE>
     <TLINE>
      <TDFORMAT>T2</TDFORMAT>
      <TDLINE>IT_FILTER_INFO,,Importing,,A table describing the filter information</TDLINE>
     </TLINE>
     <TLINE>
      <TDLINE>forthe grid.</TDLINE>
     </TLINE>
     <TLINE>
      <TDFORMAT>T2</TDFORMAT>
      <TDLINE>C_SORT_AREA,,Changing,,A document area for the sort information</TDLINE>
     </TLINE>
     <TLINE>
      <TDFORMAT>T2</TDFORMAT>
      <TDLINE>C_FILTER_AREA,,Changing,,A document area for the filter information</TDLINE>
     </TLINE>
    </LINES>
   </DOC>
  </asx:values>
 </asx:abap>
</abapGit>
