﻿<?xml version="1.0" encoding="utf-8"?>
<abapGit version="v1.0.0" serializer="LCL_OBJECT_DOCT" serializer_version="v1.0.0">
 <asx:abap xmlns:asx="http://www.sap.com/abapxml" version="1.0">
  <asx:values>
   <DOC>
    <HEAD>
     <TDOBJECT>DOKU</TDOBJECT>
     <TDNAME>ZCL_ALV_WRAPPER_CFRE_RES</TDNAME>
     <TDID>TX</TDID>
     <TDSPRAS>E</TDSPRAS>
     <TDFORM>S_DOCU_SHOW</TDFORM>
     <TDSTYLE>S_DOCUS1</TDSTYLE>
     <TDVERSION>00001</TDVERSION>
     <TDLINESIZE>072</TDLINESIZE>
    </HEAD>
    <LINES>
     <TLINE>
      <TDFORMAT>U1</TDFORMAT>
      <TDLINE>&amp;RESULT&amp;</TDLINE>
     </TLINE>
     <TLINE>
      <TDFORMAT>AS</TDFORMAT>
      <TDLINE>Dependant on the function code,  either true (ie recolouring needed) is</TDLINE>
     </TLINE>
     <TLINE>
      <TDLINE>returned or false (ie no recolouring).</TDLINE>
     </TLINE>
     <TLINE>
      <TDFORMAT>K1</TDFORMAT>
      <TDLINE>Function Code,,Recolour ?</TDLINE>
     </TLINE>
     <TLINE>
      <TDFORMAT>T1</TDFORMAT>
      <TDLINE>Me-&gt;mc_mb_Filter,,Yes</TDLINE>
     </TLINE>
     <TLINE>
      <TDFORMAT>T1</TDFORMAT>
      <TDLINE>Me-&gt;mc_Fc_Delete_Filter,,Yes</TDLINE>
     </TLINE>
     <TLINE>
      <TDFORMAT>T1</TDFORMAT>
      <TDLINE>Me-&gt;mc_Fc_Filter,,Yes</TDLINE>
     </TLINE>
     <TLINE>
      <TDFORMAT>T1</TDFORMAT>
      <TDLINE>Me-&gt;mc_Fg_Sort,,Yes</TDLINE>
     </TLINE>
     <TLINE>
      <TDFORMAT>T1</TDFORMAT>
      <TDLINE>Me-&gt;mc_Fc_Sort,,Yes</TDLINE>
     </TLINE>
     <TLINE>
      <TDFORMAT>T1</TDFORMAT>
      <TDLINE>Me-&gt;mc_Fc_Sort_Asc,,Yes</TDLINE>
     </TLINE>
     <TLINE>
      <TDFORMAT>T1</TDFORMAT>
      <TDLINE>Me-&gt;mc_Fc_Sort_Dsc,,Yes</TDLINE>
     </TLINE>
     <TLINE>
      <TDFORMAT>T1</TDFORMAT>
      <TDLINE>Others,,No</TDLINE>
     </TLINE>
     <TLINE/>
     <TLINE/>
     <TLINE/>
    </LINES>
   </DOC>
  </asx:values>
 </asx:abap>
</abapGit>
