﻿<?xml version="1.0" encoding="utf-8"?>
<abapGit version="v1.0.0" serializer="LCL_OBJECT_DOCT" serializer_version="v1.0.0">
 <asx:abap xmlns:asx="http://www.sap.com/abapxml" version="1.0">
  <asx:values>
   <DOC>
    <HEAD>
     <TDOBJECT>DOKU</TDOBJECT>
     <TDNAME>ZCL_ALV_WRAPPER_SEFL_FUNC</TDNAME>
     <TDID>TX</TDID>
     <TDSPRAS>E</TDSPRAS>
     <TDFORM>S_DOCU_SHOW</TDFORM>
     <TDSTYLE>S_DOCUS1</TDSTYLE>
     <TDVERSION>00001</TDVERSION>
     <TDLINESIZE>072</TDLINESIZE>
    </HEAD>
    <LINES>
     <TLINE>
      <TDFORMAT>U1</TDFORMAT>
      <TDLINE>&amp;FUNCTIONALITY&amp;</TDLINE>
     </TLINE>
     <TLINE>
      <TDFORMAT>AS</TDFORMAT>
      <TDLINE>This method is a redefinition of the SET_FRONTEND_LAYOUT method defined</TDLINE>
     </TLINE>
     <TLINE>
      <TDLINE>in the &lt;DS:CL.CL_GUI_ALV_GRID&gt;cl_Gui_Alv_Grid&lt;/&gt; class.  The layout</TDLINE>
     </TLINE>
     <TLINE>
      <TDLINE>structure is required by the wrapper at various places prior to it being</TDLINE>
     </TLINE>
     <TLINE>
      <TDLINE>made available by the ALV grid.  This redefinition calls the Super</TDLINE>
     </TLINE>
     <TLINE>
      <TDLINE>method and then saves a local copy of the layout to make it available to</TDLINE>
     </TLINE>
     <TLINE>
      <TDLINE>the wrapper.</TDLINE>
     </TLINE>
    </LINES>
   </DOC>
  </asx:values>
 </asx:abap>
</abapGit>
