﻿<?xml version="1.0" encoding="utf-8"?>
<abapGit version="v1.0.0" serializer="LCL_OBJECT_DOCT" serializer_version="v1.0.0">
 <asx:abap xmlns:asx="http://www.sap.com/abapxml" version="1.0">
  <asx:values>
   <DOC>
    <HEAD>
     <TDOBJECT>DOKU</TDOBJECT>
     <TDNAME>ZCL_ALV_WRAPPER_BAS_ROW</TDNAME>
     <TDID>TX</TDID>
     <TDSPRAS>E</TDSPRAS>
     <TDFORM>S_DOCU_SHOW</TDFORM>
     <TDSTYLE>S_DOCUS1</TDSTYLE>
     <TDVERSION>00001</TDVERSION>
     <TDLINESIZE>072</TDLINESIZE>
    </HEAD>
    <LINES>
     <TLINE>
      <TDFORMAT>U1</TDFORMAT>
      <TDLINE>&amp;MEANING&amp;</TDLINE>
     </TLINE>
     <TLINE>
      <TDFORMAT>AS</TDFORMAT>
      <TDLINE>This attribute is the basic row colour for the ALV grid.  Whilst the</TDLINE>
     </TLINE>
     <TLINE>
      <TDLINE>ALVgrid has the ability to define a &apos;ZEBRA&apos; colour scheme,  the colour</TDLINE>
     </TLINE>
     <TLINE>
      <TDLINE>scheme is quite &apos;dull&apos;,  and also does not lend itself to being changed</TDLINE>
     </TLINE>
     <TLINE>
      <TDLINE>easily.  Therefore,  the wrapper takes over the colouring of the grid</TDLINE>
     </TLINE>
     <TLINE>
      <TDLINE>and uses the colour specified in this attribute as a starting point for</TDLINE>
     </TLINE>
     <TLINE>
      <TDLINE>the colours used in the grid.</TDLINE>
     </TLINE>
     <TLINE>
      <TDFORMAT>AS</TDFORMAT>
      <TDLINE>This attribute is a variable attribute and should the colour scheme</TDLINE>
     </TLINE>
     <TLINE>
      <TDLINE>required be different from the &apos;green&apos; scheme used as standard then</TDLINE>
     </TLINE>
     <TLINE>
      <TDLINE>thisvariable should be changed to a different initial colour.  The</TDLINE>
     </TLINE>
     <TLINE>
      <TDLINE>colour defines the colour to be used for the darker stripe of a zebra</TDLINE>
     </TLINE>
     <TLINE>
      <TDLINE>style layout.</TDLINE>
     </TLINE>
     <TLINE>
      <TDFORMAT>AS</TDFORMAT>
      <TDLINE>The wrapper checks to make sure that there are no conflicts in the</TDLINE>
     </TLINE>
     <TLINE>
      <TDLINE>initial colour selected before deriving the other colours to be used.</TDLINE>
     </TLINE>
     <TLINE>
      <TDLINE>Ifthe field catalog contains any currency fields and &apos;currency</TDLINE>
     </TLINE>
     <TLINE>
      <TDLINE>colouring&apos; is active then the initial colour is changed to a blue/gray.</TDLINE>
     </TLINE>
     <TLINE>
      <TDFORMAT>AS</TDFORMAT>
      <TDLINE>The other colours derived from the basic colour are:</TDLINE>
     </TLINE>
     <TLINE>
      <TDFORMAT>B1</TDFORMAT>
      <TDLINE>The Alternative Row colour.  This is the inverse of the basic colour</TDLINE>
     </TLINE>
     <TLINE>
      <TDLINE>andis used to colour the alternate rows.</TDLINE>
     </TLINE>
     <TLINE>
      <TDFORMAT>B1</TDFORMAT>
      <TDLINE>Input field colour.  This colour is used to highlight fields that are</TDLINE>
     </TLINE>
     <TLINE>
      <TDLINE>editable within the grid and is generally the opposite in terms of</TDLINE>
     </TLINE>
     <TLINE>
      <TDLINE>intensity and inverse settings to the basic colour.</TDLINE>
     </TLINE>
     <TLINE>
      <TDFORMAT>U1</TDFORMAT>
      <TDLINE>&amp;HINTS&amp;</TDLINE>
     </TLINE>
     <TLINE>
      <TDFORMAT>AS</TDFORMAT>
     </TLINE>
    </LINES>
   </DOC>
  </asx:values>
 </asx:abap>
</abapGit>
