﻿<?xml version="1.0" encoding="utf-8"?>
<abapGit version="v1.0.0" serializer="LCL_OBJECT_DOCT" serializer_version="v1.0.0">
 <asx:abap xmlns:asx="http://www.sap.com/abapxml" version="1.0">
  <asx:values>
   <DOC>
    <HEAD>
     <TDOBJECT>DOKU</TDOBJECT>
     <TDNAME>ZCL_ALV_WRAPPER_CFRE_FUNC</TDNAME>
     <TDID>TX</TDID>
     <TDSPRAS>E</TDSPRAS>
     <TDFORM>S_DOCU_SHOW</TDFORM>
     <TDSTYLE>S_DOCUS1</TDSTYLE>
     <TDVERSION>00001</TDVERSION>
     <TDLINESIZE>072</TDLINESIZE>
    </HEAD>
    <LINES>
     <TLINE>
      <TDFORMAT>U1</TDFORMAT>
      <TDLINE>&amp;FUNCTIONALITY&amp;</TDLINE>
     </TLINE>
     <TLINE>
      <TDFORMAT>AS</TDFORMAT>
      <TDLINE>In some applications the rows of the grid may be coloured dependant on</TDLINE>
     </TLINE>
     <TLINE>
      <TDLINE>certain criteria (eg colouring the same delivery numbers).  If the grid</TDLINE>
     </TLINE>
     <TLINE>
      <TDLINE>is resorted or filtered etc the colouring of the grid may need to be</TDLINE>
     </TLINE>
     <TLINE>
      <TDLINE>refreshed.</TDLINE>
     </TLINE>
     <TLINE>
      <TDFORMAT>AS</TDFORMAT>
      <TDLINE>This method checks to see if any of the standard ALV Grid codes such as</TDLINE>
     </TLINE>
     <TLINE>
      <TDLINE>SORT or FILTERS have been used which could have changed the order of</TDLINE>
     </TLINE>
     <TLINE>
      <TDLINE>thelines.</TDLINE>
     </TLINE>
     <TLINE>
      <TDFORMAT>AS</TDFORMAT>
      <TDLINE>This method should be redefined in a local class if the application has</TDLINE>
     </TLINE>
     <TLINE>
      <TDLINE>application specific actions which may result in recolouring being</TDLINE>
     </TLINE>
     <TLINE>
      <TDLINE>required.</TDLINE>
     </TLINE>
    </LINES>
   </DOC>
  </asx:values>
 </asx:abap>
</abapGit>
