﻿<?xml version="1.0" encoding="utf-8"?>
<abapGit version="v1.0.0" serializer="LCL_OBJECT_DOCT" serializer_version="v1.0.0">
 <asx:abap xmlns:asx="http://www.sap.com/abapxml" version="1.0">
  <asx:values>
   <DOC>
    <HEAD>
     <TDOBJECT>DOKU</TDOBJECT>
     <TDNAME>ZCL_ALV_WRAPPER_CARI_FUNC</TDNAME>
     <TDID>TX</TDID>
     <TDSPRAS>E</TDSPRAS>
     <TDFORM>S_DOCU_SHOW</TDFORM>
     <TDSTYLE>S_DOCUS1</TDSTYLE>
     <TDVERSION>00001</TDVERSION>
     <TDLINESIZE>072</TDLINESIZE>
    </HEAD>
    <LINES>
     <TLINE>
      <TDFORMAT>U1</TDFORMAT>
      <TDLINE>&amp;FUNCTIONALITY&amp;</TDLINE>
     </TLINE>
     <TLINE>
      <TDFORMAT>AS</TDFORMAT>
      <TDLINE>Within an ALV grid certain functions return row numbers etc.  These row</TDLINE>
     </TLINE>
     <TLINE>
      <TDLINE>numbers enable the program to determine which row in the grid to use</TDLINE>
     </TLINE>
     <TLINE>
      <TDLINE>andthen get the data from the table which is all so well and good,</TDLINE>
     </TLINE>
     <TLINE>
      <TDLINE>but....</TDLINE>
     </TLINE>
     <TLINE>
      <TDFORMAT>AS</TDFORMAT>
      <TDLINE>When a user clicks on a hotspot that is the subject of a sub-totalling</TDLINE>
     </TLINE>
     <TLINE>
      <TDLINE>line then the row index returned is not the row index of the actual</TDLINE>
     </TLINE>
     <TLINE>
      <TDLINE>datatable but of a hidden table that contaisn the subtotals.  Acting on</TDLINE>
     </TLINE>
     <TLINE>
      <TDLINE>thisrow index causes the wrong information to be returned.</TDLINE>
     </TLINE>
     <TLINE>
      <TDFORMAT>AS</TDFORMAT>
      <TDLINE>The method checks the type of the row that was clicked and either</TDLINE>
     </TLINE>
     <TLINE>
      <TDLINE>returns the current row index or recalculates the row index if the row</TDLINE>
     </TLINE>
     <TLINE>
      <TDLINE>clicked is a subtotal row.</TDLINE>
     </TLINE>
    </LINES>
   </DOC>
  </asx:values>
 </asx:abap>
</abapGit>
