﻿<?xml version="1.0" encoding="utf-8"?>
<abapGit version="v1.0.0" serializer="LCL_OBJECT_MSAG" serializer_version="v1.0.0">
 <asx:abap xmlns:asx="http://www.sap.com/abapxml" version="1.0">
  <asx:values>
   <T100A>
    <ARBGB>ZCL_ALV_WRAPPER</ARBGB>
    <MASTERLANG>E</MASTERLANG>
    <STEXT>Messages for the ALV Grid wrapper</STEXT>
   </T100A>
   <T100>
    <T100>
     <SPRSL>E</SPRSL>
     <ARBGB>ZCL_ALV_WRAPPER</ARBGB>
     <MSGNR>000</MSGNR>
     <TEXT>&amp; &amp; &amp; &amp;</TEXT>
    </T100>
    <T100>
     <SPRSL>E</SPRSL>
     <ARBGB>ZCL_ALV_WRAPPER</ARBGB>
     <MSGNR>001</MSGNR>
     <TEXT>Is equal to &amp;</TEXT>
    </T100>
    <T100>
     <SPRSL>E</SPRSL>
     <ARBGB>ZCL_ALV_WRAPPER</ARBGB>
     <MSGNR>002</MSGNR>
     <TEXT>Is between &amp; and &amp;</TEXT>
    </T100>
    <T100>
     <SPRSL>E</SPRSL>
     <ARBGB>ZCL_ALV_WRAPPER</ARBGB>
     <MSGNR>003</MSGNR>
     <TEXT>Is less than or equal to &amp;</TEXT>
    </T100>
    <T100>
     <SPRSL>E</SPRSL>
     <ARBGB>ZCL_ALV_WRAPPER</ARBGB>
     <MSGNR>004</MSGNR>
     <TEXT>Is greater than or equal to &amp;</TEXT>
    </T100>
    <T100>
     <SPRSL>E</SPRSL>
     <ARBGB>ZCL_ALV_WRAPPER</ARBGB>
     <MSGNR>005</MSGNR>
     <TEXT>Contains the pattern &amp;</TEXT>
    </T100>
    <T100>
     <SPRSL>E</SPRSL>
     <ARBGB>ZCL_ALV_WRAPPER</ARBGB>
     <MSGNR>006</MSGNR>
     <TEXT>Is not equal to &amp;</TEXT>
    </T100>
    <T100>
     <SPRSL>E</SPRSL>
     <ARBGB>ZCL_ALV_WRAPPER</ARBGB>
     <MSGNR>007</MSGNR>
     <TEXT>Is not between &amp; and &amp;</TEXT>
    </T100>
    <T100>
     <SPRSL>E</SPRSL>
     <ARBGB>ZCL_ALV_WRAPPER</ARBGB>
     <MSGNR>008</MSGNR>
     <TEXT>Is not less than or equal to &amp;</TEXT>
    </T100>
    <T100>
     <SPRSL>E</SPRSL>
     <ARBGB>ZCL_ALV_WRAPPER</ARBGB>
     <MSGNR>009</MSGNR>
     <TEXT>Is not greater than or equal to &amp;</TEXT>
    </T100>
   </T100>
  </asx:values>
 </asx:abap>
</abapGit>
