﻿<?xml version="1.0" encoding="utf-8"?>
<abapGit version="v1.0.0" serializer="LCL_OBJECT_DOCT" serializer_version="v1.0.0">
 <asx:abap xmlns:asx="http://www.sap.com/abapxml" version="1.0">
  <asx:values>
   <DOC>
    <HEAD>
     <TDOBJECT>DOKU</TDOBJECT>
     <TDNAME>ZCL_ALV_WRAPPER_INIT_H_PRE</TDNAME>
     <TDID>TX</TDID>
     <TDSPRAS>E</TDSPRAS>
     <TDFORM>S_DOCU_SHOW</TDFORM>
     <TDSTYLE>S_DOCUS1</TDSTYLE>
     <TDVERSION>00001</TDVERSION>
     <TDLINESIZE>072</TDLINESIZE>
    </HEAD>
    <LINES>
     <TLINE/>
     <TLINE/>
     <TLINE>
      <TDFORMAT>U1</TDFORMAT>
      <TDLINE>&amp;PRECONDITION&amp;</TDLINE>
     </TLINE>
     <TLINE>
      <TDFORMAT>AS</TDFORMAT>
      <TDLINE>The hotspots that the class use are defined in table</TDLINE>
     </TLINE>
     <TLINE>
      <TDLINE>&lt;DS:TB.ZALV_HOTSPOTS&gt;ZALV_HOTSPOTS&lt;/&gt; and are based around the rollname</TDLINE>
     </TLINE>
     <TLINE>
      <TDLINE>or data element name of the field.  The hotspot will then start the</TDLINE>
     </TLINE>
     <TLINE>
      <TDLINE>specified transaction when clicked.</TDLINE>
     </TLINE>
     <TLINE>
      <TDFORMAT>AS</TDFORMAT>
      <TDLINE>The transaction is initiated with the various PID&apos;s of the initial</TDLINE>
     </TLINE>
     <TLINE>
      <TDLINE>screen provided by the ALV grid.  A field will only be designated as a</TDLINE>
     </TLINE>
     <TLINE>
      <TDLINE>hotspot if all the PID&apos;s mentioned in the above table are in the field</TDLINE>
     </TLINE>
     <TLINE>
      <TDLINE>catalog.</TDLINE>
     </TLINE>
     <TLINE/>
     <TLINE/>
     <TLINE/>
     <TLINE/>
     <TLINE/>
     <TLINE/>
     <TLINE/>
     <TLINE/>
     <TLINE/>
     <TLINE/>
     <TLINE/>
     <TLINE/>
     <TLINE/>
     <TLINE/>
     <TLINE/>
     <TLINE/>
     <TLINE/>
     <TLINE/>
    </LINES>
   </DOC>
  </asx:values>
 </asx:abap>
</abapGit>
