﻿<?xml version="1.0" encoding="utf-8"?>
<abapGit version="v1.0.0" serializer="LCL_OBJECT_DOCT" serializer_version="v1.0.0">
 <asx:abap xmlns:asx="http://www.sap.com/abapxml" version="1.0">
  <asx:values>
   <DOC>
    <HEAD>
     <TDOBJECT>DOKU</TDOBJECT>
     <TDNAME>ZCL_ALV_WRAPPER_BALV_FUNC</TDNAME>
     <TDID>TX</TDID>
     <TDSPRAS>E</TDSPRAS>
     <TDFORM>S_DOCU_SHOW</TDFORM>
     <TDSTYLE>S_DOCUS1</TDSTYLE>
     <TDVERSION>00001</TDVERSION>
     <TDLINESIZE>072</TDLINESIZE>
    </HEAD>
    <LINES>
     <TLINE>
      <TDFORMAT>U1</TDFORMAT>
      <TDLINE>&amp;FUNCTIONALITY&amp;</TDLINE>
     </TLINE>
     <TLINE>
      <TDFORMAT>AS</TDFORMAT>
      <TDLINE>This protected method generates the ALV variant structure which is used</TDLINE>
     </TLINE>
     <TLINE>
      <TDLINE>to define the basic information required for generating the ALV</TDLINE>
     </TLINE>
     <TLINE>
      <TDLINE> &lt;DS:GLOS.916A0DB94AA2D311AE6B0060B03C9BBE&gt;Display Variant&lt;/&gt;.</TDLINE>
     </TLINE>
     <TLINE>
      <TDFORMAT>AS</TDFORMAT>
      <TDLINE>The basic information required to allow variant management is the</TDLINE>
     </TLINE>
     <TLINE>
      <TDLINE>reportname.  If variant management is required and there is more than a</TDLINE>
     </TLINE>
     <TLINE>
      <TDLINE>single ALV grid displayed on the screen this method should be redefined</TDLINE>
     </TLINE>
     <TLINE>
      <TDLINE>to allow the inclusion of additional information such as a variant</TDLINE>
     </TLINE>
     <TLINE>
      <TDLINE>handle to distinguish between the various grids.</TDLINE>
     </TLINE>
    </LINES>
   </DOC>
  </asx:values>
 </asx:abap>
</abapGit>
