﻿<?xml version="1.0" encoding="utf-8"?>
<abapGit version="v1.0.0" serializer="LCL_OBJECT_DOCT" serializer_version="v1.0.0">
 <asx:abap xmlns:asx="http://www.sap.com/abapxml" version="1.0">
  <asx:values>
   <DOC>
    <HEAD>
     <TDOBJECT>DOKU</TDOBJECT>
     <TDNAME>ZCL_ALV_WRAPPER_DISP_FUNC</TDNAME>
     <TDID>TX</TDID>
     <TDSPRAS>E</TDSPRAS>
     <TDFORM>S_DOCU_SHOW</TDFORM>
     <TDSTYLE>S_DOCUS1</TDSTYLE>
     <TDVERSION>00001</TDVERSION>
     <TDLINESIZE>072</TDLINESIZE>
    </HEAD>
    <LINES>
     <TLINE>
      <TDFORMAT>U1</TDFORMAT>
      <TDLINE>&amp;FUNCTIONALITY&amp;</TDLINE>
     </TLINE>
     <TLINE>
      <TDFORMAT>M5</TDFORMAT>
      <TDLINE>&quot; span over 2 rows (outputlen must be the number of rows)</TDLINE>
     </TLINE>
     <TLINE>
      <TDFORMAT>M5</TDFORMAT>
      <TDLINE>wa_col_merge-col_id = 1.</TDLINE>
     </TLINE>
     <TLINE>
      <TDFORMAT>M5</TDFORMAT>
      <TDLINE>wa_col_merge-outputlen = 2.</TDLINE>
     </TLINE>
     <TLINE>
      <TDFORMAT>M5</TDFORMAT>
      <TDLINE>APPEND wa_col_merge TO it_col_merge.</TDLINE>
     </TLINE>
     <TLINE>
      <TDFORMAT>M5</TDFORMAT>
      <TDLINE>CALL METHOD g_alv_grid-&gt;z_set_merge_vert EXPORTING row = 1</TDLINE>
     </TLINE>
     <TLINE>
      <TDFORMAT>M5</TDFORMAT>
      <TDLINE>CHANGING tab_col_merge = it_col_merge.</TDLINE>
     </TLINE>
     <TLINE>
      <TDFORMAT>M5</TDFORMAT>
     </TLINE>
     <TLINE>
      <TDFORMAT>M5</TDFORMAT>
      <TDLINE>&quot; span over 2 columns (outputlen must be the number of the last column t</TDLINE>
     </TLINE>
     <TLINE>
      <TDFORMAT>M5</TDFORMAT>
      <TDLINE>wa_col_merge-col_id = 1.</TDLINE>
     </TLINE>
     <TLINE>
      <TDFORMAT>M5</TDFORMAT>
      <TDLINE>wa_col_merge-outputlen = 2.</TDLINE>
     </TLINE>
     <TLINE>
      <TDFORMAT>M5</TDFORMAT>
      <TDLINE>APPEND wa_col_merge TO it_col_merge.</TDLINE>
     </TLINE>
     <TLINE>
      <TDFORMAT>M5</TDFORMAT>
      <TDLINE>CALL METHOD g_alv_grid-&gt;z_set_merge_vert EXPORTING row = 1</TDLINE>
     </TLINE>
     <TLINE>
      <TDFORMAT>M5</TDFORMAT>
      <TDLINE>CHANGING tab_col_merge = it_col_merge.</TDLINE>
     </TLINE>
     <TLINE>
      <TDFORMAT>M5</TDFORMAT>
     </TLINE>
     <TLINE>
      <TDFORMAT>M5</TDFORMAT>
     </TLINE>
     <TLINE>
      <TDFORMAT>M5</TDFORMAT>
     </TLINE>
     <TLINE>
      <TDFORMAT>M5</TDFORMAT>
     </TLINE>
     <TLINE>
      <TDFORMAT>M5</TDFORMAT>
     </TLINE>
     <TLINE>
      <TDFORMAT>M5</TDFORMAT>
     </TLINE>
     <TLINE>
      <TDFORMAT>M5</TDFORMAT>
     </TLINE>
     <TLINE>
      <TDFORMAT>M5</TDFORMAT>
     </TLINE>
     <TLINE>
      <TDFORMAT>M5</TDFORMAT>
     </TLINE>
     <TLINE>
      <TDFORMAT>M5</TDFORMAT>
     </TLINE>
    </LINES>
   </DOC>
  </asx:values>
 </asx:abap>
</abapGit>
