﻿<?xml version="1.0" encoding="utf-8"?>
<abapGit version="v1.0.0" serializer="LCL_OBJECT_DOCT" serializer_version="v1.0.0">
 <asx:abap xmlns:asx="http://www.sap.com/abapxml" version="1.0">
  <asx:values>
   <DOC>
    <HEAD>
     <TDOBJECT>DOKU</TDOBJECT>
     <TDNAME>ZCL_ALV_WRAPPER_HAF4_PRE</TDNAME>
     <TDID>TX</TDID>
     <TDSPRAS>E</TDSPRAS>
     <TDFORM>S_DOCU_SHOW</TDFORM>
     <TDSTYLE>S_DOCUS1</TDSTYLE>
     <TDVERSION>00001</TDVERSION>
     <TDLINESIZE>072</TDLINESIZE>
    </HEAD>
    <LINES>
     <TLINE>
      <TDFORMAT>U1</TDFORMAT>
      <TDLINE>&amp;PRECONDITION&amp;</TDLINE>
     </TLINE>
     <TLINE>
      <TDFORMAT>AS</TDFORMAT>
      <TDLINE>This event must be pre-registered with the wrapper class before it will</TDLINE>
     </TLINE>
     <TLINE>
      <TDLINE>be raised.  This is accomplished by using the method</TDLINE>
     </TLINE>
     <TLINE>
      <TDLINE>&apos;Register_F4_For_Fields&apos; with a table of type Lvc_t_F4 which defines</TDLINE>
     </TLINE>
     <TLINE>
      <TDLINE>thefields that should be handled by this handler.</TDLINE>
     </TLINE>
     <TLINE>
      <TDFORMAT>AS</TDFORMAT>
      <TDLINE>Be aware that registering these fields for F4 search help processing</TDLINE>
     </TLINE>
     <TLINE>
      <TDLINE>will also raise the</TDLINE>
     </TLINE>
     <TLINE>
      <TDLINE>&lt;DS:CO.ZCL_ALV_WRAPPER               HANDLE_DATA_CHANGED&gt;Data_Changed&lt;/&gt;</TDLINE>
     </TLINE>
     <TLINE>
      <TDLINE>event.  In this event the values of the parameters that start with</TDLINE>
     </TLINE>
     <TLINE>
      <TDLINE>&apos;E_ONF4*&apos; must be recognised and action taken accordingly (for example</TDLINE>
     </TLINE>
     <TLINE>
      <TDLINE>if any of these are true then no validation should take place).</TDLINE>
     </TLINE>
    </LINES>
   </DOC>
  </asx:values>
 </asx:abap>
</abapGit>
