﻿<?xml version="1.0" encoding="utf-8"?>
<abapGit version="v1.0.0" serializer="LCL_OBJECT_DOCT" serializer_version="v1.0.0">
 <asx:abap xmlns:asx="http://www.sap.com/abapxml" version="1.0">
  <asx:values>
   <DOC>
    <HEAD>
     <TDOBJECT>DOKU</TDOBJECT>
     <TDNAME>ZCL_ALV_WRAPPER_CONS_PRE</TDNAME>
     <TDID>TX</TDID>
     <TDSPRAS>E</TDSPRAS>
     <TDFORM>S_DOCU_SHOW</TDFORM>
     <TDSTYLE>S_DOCUS1</TDSTYLE>
     <TDVERSION>00001</TDVERSION>
     <TDLINESIZE>072</TDLINESIZE>
    </HEAD>
    <LINES>
     <TLINE>
      <TDFORMAT>U1</TDFORMAT>
      <TDLINE>&amp;PRECONDITION&amp;</TDLINE>
     </TLINE>
     <TLINE>
      <TDFORMAT>AS</TDFORMAT>
      <TDLINE>The various containers and data tables need to be instantiated or</TDLINE>
     </TLINE>
     <TLINE>
      <TDLINE>created since they are in a lot of cases required by the Super class</TDLINE>
     </TLINE>
     <TLINE>
      <TDLINE>butthey cannot be instantiated in the constructor because the Super</TDLINE>
     </TLINE>
     <TLINE>
      <TDLINE>class has to be referenced first.</TDLINE>
     </TLINE>
     <TLINE>
      <TDFORMAT>AS</TDFORMAT>
      <TDLINE>Hotspots need to be defined in the &lt;DS:TB.ZALV_HOTSPOTS&gt;ZALV_HOTSPOTS</TDLINE>
     </TLINE>
     <TLINE>
      <TDFORMAT>=</TDFORMAT>
      <TDLINE>&lt;/&gt;table if automatic hotspot handling is required.</TDLINE>
     </TLINE>
     <TLINE>
      <TDFORMAT>AS</TDFORMAT>
      <TDLINE>The structure for the ALV grid display needs to be defined in the data</TDLINE>
     </TLINE>
     <TLINE>
      <TDLINE>dictionary.</TDLINE>
     </TLINE>
    </LINES>
   </DOC>
  </asx:values>
 </asx:abap>
</abapGit>
