﻿<?xml version="1.0" encoding="utf-8"?>
<abapGit version="v1.0.0" serializer="LCL_OBJECT_DOCT" serializer_version="v1.0.0">
 <asx:abap xmlns:asx="http://www.sap.com/abapxml" version="1.0">
  <asx:values>
   <DOC>
    <HEAD>
     <TDOBJECT>DOKU</TDOBJECT>
     <TDNAME>ZCL_ALV_WRAPPER_CASI_PAR</TDNAME>
     <TDID>TX</TDID>
     <TDSPRAS>E</TDSPRAS>
     <TDFORM>S_DOCU_SHOW</TDFORM>
     <TDSTYLE>S_DOCUS1</TDSTYLE>
     <TDVERSION>00001</TDVERSION>
     <TDLINESIZE>072</TDLINESIZE>
    </HEAD>
    <LINES>
     <TLINE>
      <TDFORMAT>U1</TDFORMAT>
      <TDLINE>&amp;PARAMETERS&amp;</TDLINE>
     </TLINE>
     <TLINE>
      <TDFORMAT>AS</TDFORMAT>
      <TDLINE>The parameters for this method are:</TDLINE>
     </TLINE>
     <TLINE>
      <TDFORMAT>K3</TDFORMAT>
      <TDLINE>Name,,Type,,Definition,,Meaning</TDLINE>
     </TLINE>
     <TLINE>
      <TDFORMAT>T3</TDFORMAT>
      <TDLINE>i_Row_Id,,Importing,,Selected_Row,,The row index and type of the row</TDLINE>
     </TLINE>
     <TLINE>
      <TDLINE>clicked by the user.</TDLINE>
     </TLINE>
     <TLINE>
      <TDFORMAT>T3</TDFORMAT>
      <TDLINE>i_Column,,Importing,,Alv_Column_Name,,The column name of the cell that</TDLINE>
     </TLINE>
     <TLINE>
      <TDLINE>was clicked by the user.</TDLINE>
     </TLINE>
     <TLINE>
      <TDFORMAT>T3</TDFORMAT>
      <TDLINE>e_Index,,Returning,,Alv_Row_Index,,The absolute row index of the row</TDLINE>
     </TLINE>
     <TLINE>
      <TDLINE>that was clicked taking into consideration whether it was a subtotal</TDLINE>
     </TLINE>
     <TLINE>
      <TDLINE>rowor not.</TDLINE>
     </TLINE>
    </LINES>
   </DOC>
  </asx:values>
 </asx:abap>
</abapGit>
