﻿<?xml version="1.0" encoding="utf-8"?>
<abapGit version="v1.0.0" serializer="LCL_OBJECT_DOCT" serializer_version="v1.0.0">
 <asx:abap xmlns:asx="http://www.sap.com/abapxml" version="1.0">
  <asx:values>
   <DOC>
    <HEAD>
     <TDOBJECT>DOKU</TDOBJECT>
     <TDNAME>ZCL_ALV_WRAPPER_DATA</TDNAME>
     <TDID>TX</TDID>
     <TDSPRAS>E</TDSPRAS>
     <TDFORM>S_DOCU_SHOW</TDFORM>
     <TDSTYLE>S_DOCUS1</TDSTYLE>
     <TDVERSION>00001</TDVERSION>
     <TDLINESIZE>072</TDLINESIZE>
    </HEAD>
    <LINES>
     <TLINE>
      <TDFORMAT>U1</TDFORMAT>
      <TDLINE>&amp;MEANING&amp;</TDLINE>
     </TLINE>
     <TLINE>
      <TDFORMAT>AS</TDFORMAT>
      <TDLINE>This protected attribute is a memory reference to the data table used to</TDLINE>
     </TLINE>
     <TLINE>
      <TDLINE>construct the ALV grid.  This is treated as a pure memory reference in</TDLINE>
     </TLINE>
     <TLINE>
      <TDLINE>the base class since the structure of the table is not known to the base</TDLINE>
     </TLINE>
     <TLINE>
      <TDLINE>class,  however,  it can be used to access and modify the table if</TDLINE>
     </TLINE>
     <TLINE>
      <TDLINE>required in the local child class.</TDLINE>
     </TLINE>
     <TLINE>
      <TDFORMAT>AS</TDFORMAT>
      <TDLINE>Since the variable is a memory reference the value is actually changed</TDLINE>
     </TLINE>
     <TLINE>
      <TDLINE>in the main calling program itself.</TDLINE>
     </TLINE>
     <TLINE>
      <TDFORMAT>U1</TDFORMAT>
      <TDLINE>&amp;HINTS&amp;</TDLINE>
     </TLINE>
     <TLINE>
      <TDFORMAT>AS</TDFORMAT>
     </TLINE>
    </LINES>
   </DOC>
  </asx:values>
 </asx:abap>
</abapGit>
