﻿<?xml version="1.0" encoding="utf-8"?>
<abapGit version="v1.0.0" serializer="LCL_OBJECT_DOCT" serializer_version="v1.0.0">
 <asx:abap xmlns:asx="http://www.sap.com/abapxml" version="1.0">
  <asx:values>
   <DOC>
    <HEAD>
     <TDOBJECT>DOKU</TDOBJECT>
     <TDNAME>ZCL_ALV_WRAPPER_RECO_FUNC</TDNAME>
     <TDID>TX</TDID>
     <TDSPRAS>E</TDSPRAS>
     <TDFORM>S_DOCU_SHOW</TDFORM>
     <TDSTYLE>S_DOCUS1</TDSTYLE>
     <TDVERSION>00001</TDVERSION>
     <TDLINESIZE>072</TDLINESIZE>
    </HEAD>
    <LINES>
     <TLINE>
      <TDFORMAT>U1</TDFORMAT>
      <TDLINE>&amp;FUNCTIONALITY&amp;</TDLINE>
     </TLINE>
     <TLINE>
      <TDFORMAT>AS</TDFORMAT>
      <TDLINE>The ALV Wrapper will recolour the ALV grid to a certain extent if the</TDLINE>
     </TLINE>
     <TLINE>
      <TDLINE>fields CTAB_FNAME or INFO_FNAME are set in the</TDLINE>
     </TLINE>
     <TLINE>
      <TDLINE>&lt;DS:CO.ZCL_ALV_WRAPPER               BUILD_ALV_LAYOUT&gt;ALV Layout&lt;/&gt;</TDLINE>
     </TLINE>
     <TLINE>
      <TDLINE>structure.</TDLINE>
     </TLINE>
     <TLINE>
      <TDFORMAT>AS</TDFORMAT>
      <TDLINE>The line colours are set to a zebra pattern if specified using a basic</TDLINE>
     </TLINE>
     <TLINE>
      <TDLINE>line colour and empahsized,  hotspots, debits and credits can alll be</TDLINE>
     </TLINE>
     <TLINE>
      <TDLINE>coloured semi-automatically.</TDLINE>
     </TLINE>
     <TLINE>
      <TDFORMAT>AS</TDFORMAT>
      <TDLINE>Since Cell colouring overrides the Field-catalog Emphasized colouring</TDLINE>
     </TLINE>
     <TLINE>
      <TDLINE>field,  if this field is set in the field catalog then an approximate</TDLINE>
     </TLINE>
     <TLINE>
      <TDLINE>colour will be used in the cell colouring table instead. Approcximate</TDLINE>
     </TLINE>
     <TLINE>
      <TDLINE>because the colour coding is slightly different.</TDLINE>
     </TLINE>
     <TLINE>
      <TDFORMAT>AS</TDFORMAT>
      <TDLINE>If this method is redefined,  then the Super Method must be called</TDLINE>
     </TLINE>
     <TLINE>
      <TDLINE>first.  The Cell colour tables must be checked for the existance of</TDLINE>
     </TLINE>
     <TLINE>
      <TDLINE>the cell being coloured in the redefinition and the values overwritten</TDLINE>
     </TLINE>
     <TLINE>
      <TDLINE>if found with any new colours.</TDLINE>
     </TLINE>
     <TLINE/>
     <TLINE/>
     <TLINE/>
     <TLINE/>
     <TLINE/>
     <TLINE/>
     <TLINE/>
     <TLINE/>
     <TLINE/>
     <TLINE/>
     <TLINE/>
     <TLINE/>
     <TLINE/>
     <TLINE/>
     <TLINE/>
     <TLINE/>
    </LINES>
   </DOC>
  </asx:values>
 </asx:abap>
</abapGit>
