﻿<?xml version="1.0" encoding="utf-8"?>
<abapGit version="v1.0.0" serializer="LCL_OBJECT_DOCT" serializer_version="v1.0.0">
 <asx:abap xmlns:asx="http://www.sap.com/abapxml" version="1.0">
  <asx:values>
   <DOC>
    <HEAD>
     <TDOBJECT>DOKU</TDOBJECT>
     <TDNAME>ZCL_ALV_WRAPPER_HAST_PAR</TDNAME>
     <TDID>TX</TDID>
     <TDSPRAS>E</TDSPRAS>
     <TDFORM>S_DOCU_SHOW</TDFORM>
     <TDSTYLE>S_DOCUS1</TDSTYLE>
     <TDVERSION>00001</TDVERSION>
     <TDLINESIZE>072</TDLINESIZE>
    </HEAD>
    <LINES>
     <TLINE>
      <TDFORMAT>U1</TDFORMAT>
      <TDLINE>&amp;PARAMETERS&amp;</TDLINE>
     </TLINE>
     <TLINE>
      <TDFORMAT>AS</TDFORMAT>
      <TDLINE>There are three parameters used by this method.  These are:</TDLINE>
     </TLINE>
     <TLINE>
      <TDFORMAT>K3</TDFORMAT>
      <TDLINE>Name,,Type,,Definition,,Meaning.</TDLINE>
     </TLINE>
     <TLINE>
      <TDFORMAT>T3</TDFORMAT>
      <TDLINE>es_SubTot_Txt_Info,,Importing,,LVC_S_TXT,,Text information for the</TDLINE>
     </TLINE>
     <TLINE>
      <TDLINE>subtotal line.</TDLINE>
     </TLINE>
     <TLINE>
      <TDFORMAT>T3</TDFORMAT>
      <TDLINE>ep_SubTot_Line,,Importing,,Data Ref,,the data line causing the subtotal</TDLINE>
     </TLINE>
     <TLINE>
      <TDLINE>break.</TDLINE>
     </TLINE>
     <TLINE>
      <TDFORMAT>T3</TDFORMAT>
      <TDLINE>e_Event_Data,,Importing,,cl_Alv_Event_Data,,Event data class.</TDLINE>
     </TLINE>
     <TLINE>
      <TDFORMAT>B1</TDFORMAT>
      <TDLINE>es_SubTotTxt_Info.</TDLINE>
     </TLINE>
     <TLINE>
      <TDFORMAT>/</TDFORMAT>
      <TDLINE>This parameter is a structure that details the textual information that</TDLINE>
     </TLINE>
     <TLINE>
      <TDLINE>will be displayed in the subtotal line. This structure consists of the</TDLINE>
     </TLINE>
     <TLINE>
      <TDLINE>following fields:</TDLINE>
     </TLINE>
     <TLINE>
      <TDFORMAT>B2</TDFORMAT>
      <TDLINE>Criteria.</TDLINE>
     </TLINE>
     <TLINE>
      <TDFORMAT>/</TDFORMAT>
      <TDLINE>The field name of the field causing the subtotal break.</TDLINE>
     </TLINE>
     <TLINE>
      <TDFORMAT>B2</TDFORMAT>
      <TDLINE>Keyword</TDLINE>
     </TLINE>
     <TLINE>
      <TDFORMAT>/</TDFORMAT>
      <TDLINE>The text that will be displayed in the sub total field.</TDLINE>
     </TLINE>
     <TLINE>
      <TDFORMAT>B2</TDFORMAT>
      <TDLINE>Crit_Text</TDLINE>
     </TLINE>
     <TLINE>
      <TDFORMAT>/</TDFORMAT>
      <TDLINE>The criteria text describing what the sort criteria is.</TDLINE>
     </TLINE>
     <TLINE>
      <TDFORMAT>B1</TDFORMAT>
      <TDLINE>ep_SubTot_Line</TDLINE>
     </TLINE>
     <TLINE>
      <TDFORMAT>/</TDFORMAT>
      <TDLINE>This line is a pointer to the subtotal line as it will be displayed</TDLINE>
     </TLINE>
     <TLINE>
      <TDFORMAT>B1</TDFORMAT>
      <TDLINE>e_Event_Data</TDLINE>
     </TLINE>
     <TLINE>
      <TDFORMAT>/</TDFORMAT>
      <TDLINE>This is an object that is used to transfer information back to the ALV</TDLINE>
     </TLINE>
     <TLINE>
      <TDLINE>grid so that it is displayed.  There are two attributes in this object</TDLINE>
     </TLINE>
     <TLINE>
      <TDLINE>that are important:</TDLINE>
     </TLINE>
     <TLINE>
      <TDFORMAT>B2</TDFORMAT>
      <TDLINE>M_DATA</TDLINE>
     </TLINE>
     <TLINE>
      <TDFORMAT>/</TDFORMAT>
      <TDLINE>This is a pointer to the text that will be displayed as the subtotal</TDLINE>
     </TLINE>
     <TLINE>
      <TDLINE>text.  This is what needs to be changed.</TDLINE>
     </TLINE>
     <TLINE>
      <TDFORMAT>B2</TDFORMAT>
      <TDLINE>M_EVENT_HANDLED</TDLINE>
     </TLINE>
     <TLINE>
      <TDFORMAT>/</TDFORMAT>
      <TDLINE>This should be set to true if the event is handled here.</TDLINE>
     </TLINE>
     <TLINE/>
     <TLINE/>
     <TLINE/>
     <TLINE/>
    </LINES>
   </DOC>
  </asx:values>
 </asx:abap>
</abapGit>
