﻿<?xml version="1.0" encoding="utf-8"?>
<abapGit version="v1.0.0" serializer="LCL_OBJECT_DOCT" serializer_version="v1.0.0">
 <asx:abap xmlns:asx="http://www.sap.com/abapxml" version="1.0">
  <asx:values>
   <DOC>
    <HEAD>
     <TDOBJECT>DOKU</TDOBJECT>
     <TDNAME>ZCL_ALV_WRAPPER_SEFF_FUNC</TDNAME>
     <TDID>TX</TDID>
     <TDSPRAS>E</TDSPRAS>
     <TDFORM>S_DOCU_SHOW</TDFORM>
     <TDSTYLE>S_DOCUS1</TDSTYLE>
     <TDVERSION>00001</TDVERSION>
     <TDLINESIZE>072</TDLINESIZE>
    </HEAD>
    <LINES>
     <TLINE>
      <TDFORMAT>U1</TDFORMAT>
      <TDLINE>&amp;FUNCTIONALITY&amp;</TDLINE>
     </TLINE>
     <TLINE>
      <TDFORMAT>AS</TDFORMAT>
      <TDLINE>This method is a redefinition of the standard SET_FRONTEND_FIELDCATALOG</TDLINE>
     </TLINE>
     <TLINE>
      <TDLINE>method of the &lt;DS:CL.CL_GUI_ALV_GRID&gt;cl_Gui_Alv_Grid&lt;/&gt;.  The</TDLINE>
     </TLINE>
     <TLINE>
      <TDLINE>additionalfunctionality stores the field catalog locally in the wrapper</TDLINE>
     </TLINE>
     <TLINE>
      <TDLINE>class as it is needed earlier in the processing that in provided by the</TDLINE>
     </TLINE>
     <TLINE>
      <TDLINE>ALV grid.</TDLINE>
     </TLINE>
    </LINES>
   </DOC>
  </asx:values>
 </asx:abap>
</abapGit>
