﻿<?xml version="1.0" encoding="utf-8"?>
<abapGit version="v1.0.0" serializer="LCL_OBJECT_DOCT" serializer_version="v1.0.0">
 <asx:abap xmlns:asx="http://www.sap.com/abapxml" version="1.0">
  <asx:values>
   <DOC>
    <HEAD>
     <TDOBJECT>DOKU</TDOBJECT>
     <TDNAME>ZCL_ALV_WRAPPER_RECO_PRE</TDNAME>
     <TDID>TX</TDID>
     <TDSPRAS>E</TDSPRAS>
     <TDFORM>S_DOCU_SHOW</TDFORM>
     <TDSTYLE>S_DOCUS1</TDSTYLE>
     <TDVERSION>00001</TDVERSION>
     <TDLINESIZE>072</TDLINESIZE>
    </HEAD>
    <LINES>
     <TLINE>
      <TDFORMAT>U1</TDFORMAT>
      <TDLINE>&amp;PRECONDITION&amp;</TDLINE>
     </TLINE>
     <TLINE>
      <TDFORMAT>AS</TDFORMAT>
      <TDLINE>In order to activate this coluring functionality the data table should</TDLINE>
     </TLINE>
     <TLINE>
      <TDLINE>contain two extra fields (they do not have to be in the field catalog)</TDLINE>
     </TLINE>
     <TLINE>
      <TDLINE>and infact I create the field catalog I want to print as a data</TDLINE>
     </TLINE>
     <TLINE>
      <TDLINE>dictionary item and add these fields on afterwards as an internal type:</TDLINE>
     </TLINE>
     <TLINE>
      <TDFORMAT>M5</TDFORMAT>
      <TDLINE>       Begin Of Summary_Line,</TDLINE>
     </TLINE>
     <TLINE>
      <TDFORMAT>/</TDFORMAT>
      <TDLINE>             Sel                     Type XFeld,</TDLINE>
     </TLINE>
     <TLINE>
      <TDFORMAT>/</TDFORMAT>
      <TDLINE>             Cell_Colours            Type Cell_Colours,</TDLINE>
     </TLINE>
     <TLINE>
      <TDFORMAT>/</TDFORMAT>
      <TDLINE>             Row_Colour              Type Row_Colouring,</TDLINE>
     </TLINE>
     <TLINE>
      <TDFORMAT>/</TDFORMAT>
      <TDLINE>             Bukrs                   Type Company_Code,</TDLINE>
     </TLINE>
     <TLINE>
      <TDFORMAT>/</TDFORMAT>
      <TDLINE>             GJahr                   Type Fiscal_Year.</TDLINE>
     </TLINE>
     <TLINE>
      <TDFORMAT>/</TDFORMAT>
      <TDLINE>             Include                 Type ZEC_Summary_Line.</TDLINE>
     </TLINE>
     <TLINE>
      <TDFORMAT>/</TDFORMAT>
      <TDLINE>Types:       Details                 Type Detail_Report,</TDLINE>
     </TLINE>
     <TLINE>
      <TDFORMAT>/</TDFORMAT>
      <TDLINE>             Tot_Source              Type Source_Records,</TDLINE>
     </TLINE>
     <TLINE>
      <TDFORMAT>/</TDFORMAT>
      <TDLINE>             Pre_Source              Type Source_Records,</TDLINE>
     </TLINE>
     <TLINE>
      <TDFORMAT>/</TDFORMAT>
      <TDLINE>             Cur_Source              Type Source_Records,</TDLINE>
     </TLINE>
     <TLINE>
      <TDFORMAT>/</TDFORMAT>
      <TDLINE>       End Of Summary_Line,</TDLINE>
     </TLINE>
     <TLINE>
      <TDFORMAT>/</TDFORMAT>
      <TDLINE>       Summary_Report                Type Standard Table Of Summary_Line</TDLINE>
     </TLINE>
     <TLINE>
      <TDFORMAT>/</TDFORMAT>
      <TDLINE>                                          With Default Key,</TDLINE>
     </TLINE>
     <TLINE>
      <TDFORMAT>AS</TDFORMAT>
      <TDLINE>The field names then have to be entered into the layout tab by way of</TDLINE>
     </TLINE>
     <TLINE>
      <TDLINE>redefining the BUILD_ALV_LAYOUT_METHOD:</TDLINE>
     </TLINE>
     <TLINE>
      <TDFORMAT>M5</TDFORMAT>
      <TDLINE> Method Build_Alv_Layout.</TDLINE>
     </TLINE>
     <TLINE>
      <TDFORMAT>/</TDFORMAT>
      <TDLINE>        Constants: c_sm_Select_Single_Row Type c Value &apos;B&apos;.</TDLINE>
     </TLINE>
     <TLINE>
      <TDFORMAT>/</TDFORMAT>
     </TLINE>
     <TLINE>
      <TDFORMAT>/</TDFORMAT>
      <TDLINE>        rs_Layout = Super-&gt;Build_Alv_Layout( ).</TDLINE>
     </TLINE>
     <TLINE>
      <TDFORMAT>/</TDFORMAT>
      <TDLINE>        rs_Layout-CWidth_Opt = Abap_False.</TDLINE>
     </TLINE>
     <TLINE>
      <TDFORMAT>/</TDFORMAT>
      <TDLINE>        rs_Layout-Grid_Title = &apos;Project Summary&apos;(007).</TDLINE>
     </TLINE>
     <TLINE>
      <TDFORMAT>/</TDFORMAT>
      <TDLINE>        rs_Layout-Sel_Mode   = c_sm_Select_Single_Row.</TDLINE>
     </TLINE>
     <TLINE>
      <TDFORMAT>/</TDFORMAT>
      <TDLINE>        rs_Layout-CTab_FName = &apos;CELL_COLOURS&apos;.</TDLINE>
     </TLINE>
     <TLINE>
      <TDFORMAT>/</TDFORMAT>
      <TDLINE>        rs_Layout-Info_FName = &apos;ROW_COLOUR&apos;.</TDLINE>
     </TLINE>
     <TLINE>
      <TDFORMAT>/</TDFORMAT>
      <TDLINE> EndMethod.</TDLINE>
     </TLINE>
     <TLINE/>
     <TLINE/>
     <TLINE/>
    </LINES>
   </DOC>
  </asx:values>
 </asx:abap>
</abapGit>
