﻿<?xml version="1.0" encoding="utf-8"?>
<abapGit version="v1.0.0" serializer="LCL_OBJECT_DOCT" serializer_version="v1.0.0">
 <asx:abap xmlns:asx="http://www.sap.com/abapxml" version="1.0">
  <asx:values>
   <DOC>
    <HEAD>
     <TDOBJECT>DOKU</TDOBJECT>
     <TDNAME>ZCL_ALV_WRAPPER_TRAN_O_FUNC</TDNAME>
     <TDID>TX</TDID>
     <TDSPRAS>E</TDSPRAS>
     <TDFORM>S_DOCU_SHOW</TDFORM>
     <TDSTYLE>S_DOCUS1</TDSTYLE>
     <TDVERSION>00001</TDVERSION>
     <TDLINESIZE>072</TDLINESIZE>
    </HEAD>
    <LINES>
     <TLINE>
      <TDFORMAT>U1</TDFORMAT>
      <TDLINE>&amp;FUNCTIONALITY&amp;</TDLINE>
     </TLINE>
     <TLINE>
      <TDFORMAT>AS</TDFORMAT>
      <TDLINE>The ALV Grid wrapper provides a header pane which details the selection</TDLINE>
     </TLINE>
     <TLINE>
      <TDLINE>parameters,  the sort and filter criteria and various other items</TDLINE>
     </TLINE>
     <TLINE>
      <TDLINE>shouldthe programmer wish to include them.</TDLINE>
     </TLINE>
     <TLINE>
      <TDFORMAT>AS</TDFORMAT>
      <TDLINE>The selection parameters are contained in a table which displays the</TDLINE>
     </TLINE>
     <TLINE>
      <TDLINE>Parameter name,  it&apos;s value and if that value has a description it&apos;s</TDLINE>
     </TLINE>
     <TLINE>
      <TDLINE>associated description.  For Select-Options the value and the</TDLINE>
     </TLINE>
     <TLINE>
      <TDLINE>description will contain the words &apos;Is between&apos;,  or &apos;Is Equal To&apos; with</TDLINE>
     </TLINE>
     <TLINE>
      <TDLINE>a textual description for each of teh operators used in select options.</TDLINE>
     </TLINE>
     <TLINE>
      <TDFORMAT>AS</TDFORMAT>
      <TDLINE>This method translates those operators to words.  If either of the</TDLINE>
     </TLINE>
     <TLINE>
      <TDLINE>values are blank then they are subsituted with &apos;the first record&apos;,  or</TDLINE>
     </TLINE>
     <TLINE>
      <TDLINE>the last record&apos;.</TDLINE>
     </TLINE>
    </LINES>
   </DOC>
  </asx:values>
 </asx:abap>
</abapGit>
