﻿<?xml version="1.0" encoding="utf-8"?>
<abapGit version="v1.0.0" serializer="LCL_OBJECT_DOCT" serializer_version="v1.0.0">
 <asx:abap xmlns:asx="http://www.sap.com/abapxml" version="1.0">
  <asx:values>
   <DOC>
    <HEAD>
     <TDOBJECT>DOKU</TDOBJECT>
     <TDNAME>ZCL_ALV_WRAPPER_MAC</TDNAME>
     <TDID>TX</TDID>
     <TDSPRAS>E</TDSPRAS>
     <TDFORM>S_DOCU_SHOW</TDFORM>
     <TDSTYLE>S_DOCUS1</TDSTYLE>
     <TDVERSION>00001</TDVERSION>
     <TDLINESIZE>072</TDLINESIZE>
    </HEAD>
    <LINES>
     <TLINE>
      <TDFORMAT>U1</TDFORMAT>
      <TDLINE>&amp;PURPOSE&amp;</TDLINE>
     </TLINE>
     <TLINE>
      <TDFORMAT>AS</TDFORMAT>
      <TDLINE>This module is a collection of macros that are used by the class</TDLINE>
     </TLINE>
     <TLINE>
      <TDLINE>&lt;DS:CL.ZCL_ALV_WRAPPER&gt;ZCL_ALV_WRAPPER&lt;/&gt; which implements a standard</TDLINE>
     </TLINE>
     <TLINE>
      <TDLINE>handler for the use of ALV grids.</TDLINE>
     </TLINE>
     <TLINE>
      <TDFORMAT>U1</TDFORMAT>
      <TDLINE>&amp;INTEGRATION&amp;</TDLINE>
     </TLINE>
     <TLINE>
      <TDFORMAT>AS</TDFORMAT>
      <TDLINE>This module is integrated into the wrapper class via an include</TDLINE>
     </TLINE>
     <TLINE>
      <TDLINE>statement in the MAC module for the class.</TDLINE>
     </TLINE>
     <TLINE>
      <TDFORMAT>AS</TDFORMAT>
      <TDLINE>This module is also used by the various subclasses of the class.</TDLINE>
     </TLINE>
     <TLINE>
      <TDFORMAT>U1</TDFORMAT>
      <TDLINE>&amp;PREREQUISITES&amp;</TDLINE>
     </TLINE>
     <TLINE>
      <TDFORMAT>AS</TDFORMAT>
     </TLINE>
     <TLINE>
      <TDFORMAT>U1</TDFORMAT>
      <TDLINE>&amp;FEATURES&amp;</TDLINE>
     </TLINE>
     <TLINE>
      <TDFORMAT>U2</TDFORMAT>
      <TDLINE>Implement_Getter.</TDLINE>
     </TLINE>
     <TLINE>
      <TDFORMAT>AS</TDFORMAT>
      <TDLINE>This macro implements the code for a &apos;Getter&apos; routine which is used to</TDLINE>
     </TLINE>
     <TLINE>
      <TDLINE>access the values in the various attributes of the class.  Note that</TDLINE>
     </TLINE>
     <TLINE>
      <TDLINE>thetype of result returned is determined by one of the macro parameters</TDLINE>
     </TLINE>
     <TLINE>
      <TDLINE>rather than the type of the attribute.  Generally where the atrribute</TDLINE>
     </TLINE>
     <TLINE>
      <TDLINE>isa Data Reference,  the getter will return the value of the actual</TDLINE>
     </TLINE>
     <TLINE>
      <TDLINE>variable rather than the memory pointer itself.</TDLINE>
     </TLINE>
     <TLINE>
      <TDFORMAT>AS</TDFORMAT>
      <TDLINE>&lt;zh&gt;Parameters&lt;/&gt;</TDLINE>
     </TLINE>
     <TLINE>
      <TDFORMAT>B1</TDFORMAT>
      <TDLINE>&amp;1. The Attribute name to get the value for.  The actual attribute</TDLINE>
     </TLINE>
     <TLINE>
      <TDLINE>should be this name prefixed with an underscore.</TDLINE>
     </TLINE>
     <TLINE>
      <TDFORMAT>B1</TDFORMAT>
      <TDLINE>&amp;2. The type being returned by this getter.</TDLINE>
     </TLINE>
     <TLINE>
      <TDFORMAT>AS</TDFORMAT>
      <TDLINE>&lt;zh&gt;Example&lt;/&gt;</TDLINE>
     </TLINE>
     <TLINE>
      <TDFORMAT>M5</TDFORMAT>
      <TDLINE>  method GET_HOTSPOTS.</TDLINE>
     </TLINE>
     <TLINE>
      <TDFORMAT>/</TDFORMAT>
      <TDLINE>         Implement_Getter Hotspots Hotspots.</TDLINE>
     </TLINE>
     <TLINE>
      <TDFORMAT>/</TDFORMAT>
      <TDLINE>  endmethod.</TDLINE>
     </TLINE>
     <TLINE>
      <TDFORMAT>U2</TDFORMAT>
      <TDLINE>Implement_Setter.</TDLINE>
     </TLINE>
     <TLINE>
      <TDFORMAT>AS</TDFORMAT>
      <TDLINE>This macro is the opposite of the Implement_Getter macro above and</TDLINE>
     </TLINE>
     <TLINE>
      <TDLINE>updates the attribute with the value specified.  Again,  if the</TDLINE>
     </TLINE>
     <TLINE>
      <TDLINE>attribute is a memory reference,  the setter will pass the actual data</TDLINE>
     </TLINE>
     <TLINE>
      <TDLINE>which will then update the variable referenced by the attribute.</TDLINE>
     </TLINE>
     <TLINE>
      <TDFORMAT>AS</TDFORMAT>
      <TDLINE>&lt;zh&gt;Parameters&lt;/&gt;</TDLINE>
     </TLINE>
     <TLINE>
      <TDFORMAT>B1</TDFORMAT>
      <TDLINE>&amp;1. The Attribute name to set the value for.  The actual attribute</TDLINE>
     </TLINE>
     <TLINE>
      <TDLINE>should be this name prefixed with an underscore.</TDLINE>
     </TLINE>
     <TLINE>
      <TDFORMAT>B1</TDFORMAT>
      <TDLINE>&amp;2. The type being passed by the setter.</TDLINE>
     </TLINE>
     <TLINE>
      <TDFORMAT>AS</TDFORMAT>
      <TDLINE>&lt;zh&gt;Example&lt;/&gt;</TDLINE>
     </TLINE>
     <TLINE>
      <TDFORMAT>M5</TDFORMAT>
      <TDLINE>  method SET_HOTSPOTS.</TDLINE>
     </TLINE>
     <TLINE>
      <TDFORMAT>/</TDFORMAT>
      <TDLINE>         Implement_Setter Hotspots Hotspots.</TDLINE>
     </TLINE>
     <TLINE>
      <TDFORMAT>/</TDFORMAT>
      <TDLINE>  endmethod.</TDLINE>
     </TLINE>
     <TLINE>
      <TDFORMAT>AS</TDFORMAT>
      <TDLINE>Note that in the local classes (ie those not written using the form</TDLINE>
     </TLINE>
     <TLINE>
      <TDLINE>based editor in SE80,  these two macros are merged and another macro to</TDLINE>
     </TLINE>
     <TLINE>
      <TDLINE>define the methods is used:</TDLINE>
     </TLINE>
     <TLINE>
      <TDFORMAT>M5</TDFORMAT>
      <TDLINE>*</TDLINE>
     </TLINE>
     <TLINE>
      <TDFORMAT>/</TDFORMAT>
      <TDLINE>* Macros for Setters and getters</TDLINE>
     </TLINE>
     <TLINE>
      <TDFORMAT>/</TDFORMAT>
      <TDLINE>*</TDLINE>
     </TLINE>
     <TLINE>
      <TDFORMAT>/</TDFORMAT>
      <TDLINE>Include Zcl_Alv_Wrapper_Mac.</TDLINE>
     </TLINE>
     <TLINE>
      <TDFORMAT>/</TDFORMAT>
      <TDLINE>*</TDLINE>
     </TLINE>
     <TLINE>
      <TDFORMAT>/</TDFORMAT>
      <TDLINE>Define Define_Getter_Setter.</TDLINE>
     </TLINE>
     <TLINE>
      <TDFORMAT>/</TDFORMAT>
      <TDLINE>       Methods: Get_&amp;1 Returning Value(r_Out) Type &amp;2,</TDLINE>
     </TLINE>
     <TLINE>
      <TDFORMAT>/</TDFORMAT>
      <TDLINE>                Set_&amp;1 Importing i_In         Type &amp;2.</TDLINE>
     </TLINE>
     <TLINE>
      <TDFORMAT>/</TDFORMAT>
      <TDLINE>End-Of-Definition.</TDLINE>
     </TLINE>
     <TLINE>
      <TDFORMAT>/</TDFORMAT>
      <TDLINE>*</TDLINE>
     </TLINE>
     <TLINE>
      <TDFORMAT>/</TDFORMAT>
      <TDLINE>Define Implement_Getter_Setter.</TDLINE>
     </TLINE>
     <TLINE>
      <TDFORMAT>/</TDFORMAT>
      <TDLINE>       Method Get_&amp;1.</TDLINE>
     </TLINE>
     <TLINE>
      <TDFORMAT>/</TDFORMAT>
      <TDLINE>              Implement_Getter &amp;1 &amp;2.</TDLINE>
     </TLINE>
     <TLINE>
      <TDFORMAT>/</TDFORMAT>
      <TDLINE>       EndMethod.</TDLINE>
     </TLINE>
     <TLINE>
      <TDFORMAT>/</TDFORMAT>
      <TDLINE>       Method Set_&amp;1.</TDLINE>
     </TLINE>
     <TLINE>
      <TDFORMAT>/</TDFORMAT>
      <TDLINE>              Implement_Setter &amp;1 &amp;2.</TDLINE>
     </TLINE>
     <TLINE>
      <TDFORMAT>/</TDFORMAT>
      <TDLINE>       EndMethod.</TDLINE>
     </TLINE>
     <TLINE>
      <TDFORMAT>/</TDFORMAT>
      <TDLINE>End-Of-Definition.</TDLINE>
     </TLINE>
     <TLINE>
      <TDFORMAT>AS</TDFORMAT>
      <TDLINE>This then results in the following code in the the local classes:</TDLINE>
     </TLINE>
     <TLINE>
      <TDFORMAT>M5</TDFORMAT>
      <TDLINE>              Define_Getter_Setter: Id_Multis        uiFunc,</TDLINE>
     </TLINE>
     <TLINE>
      <TDFORMAT>/</TDFORMAT>
      <TDLINE>                                    Control          Control_Records,</TDLINE>
     </TLINE>
     <TLINE>
      <TDFORMAT>/</TDFORMAT>
      <TDLINE>                                    Norm             Normal_Report,</TDLINE>
     </TLINE>
     <TLINE>
      <TDFORMAT>/</TDFORMAT>
      <TDLINE>                                    Shipment_No      Shipment_Number,</TDLINE>
     </TLINE>
     <TLINE>
      <TDFORMAT>/</TDFORMAT>
      <TDLINE>                                    Unit2            Boolean.</TDLINE>
     </TLINE>
     <TLINE>
      <TDFORMAT>AS</TDFORMAT>
      <TDLINE>And</TDLINE>
     </TLINE>
     <TLINE>
      <TDFORMAT>M5</TDFORMAT>
      <TDLINE>       Implement_Getter_Setter: Id_Multis        uiFunc,</TDLINE>
     </TLINE>
     <TLINE>
      <TDFORMAT>/</TDFORMAT>
      <TDLINE>                                Control          Control_Records,</TDLINE>
     </TLINE>
     <TLINE>
      <TDFORMAT>/</TDFORMAT>
      <TDLINE>                                Norm             Normal_Report,</TDLINE>
     </TLINE>
     <TLINE>
      <TDFORMAT>/</TDFORMAT>
      <TDLINE>                                Shipment_No      Shipment_Number,</TDLINE>
     </TLINE>
     <TLINE>
      <TDFORMAT>/</TDFORMAT>
      <TDLINE>                                Unit2            Boolean.</TDLINE>
     </TLINE>
     <TLINE>
      <TDFORMAT>U2</TDFORMAT>
      <TDLINE>Exclude.</TDLINE>
     </TLINE>
     <TLINE>
      <TDFORMAT>AS</TDFORMAT>
      <TDLINE>This macro adds a set of User functions to an exclusion table so that</TDLINE>
     </TLINE>
     <TLINE>
      <TDLINE>they are not displayed on the ALV grid.</TDLINE>
     </TLINE>
     <TLINE>
      <TDFORMAT>AS</TDFORMAT>
      <TDLINE>&lt;zh&gt;Parameters&lt;/&gt;</TDLINE>
     </TLINE>
     <TLINE>
      <TDFORMAT>B1</TDFORMAT>
      <TDLINE>&amp;1.  User function ot exclude from the grid.</TDLINE>
     </TLINE>
     <TLINE>
      <TDFORMAT>AS</TDFORMAT>
      <TDLINE>&lt;zh&gt;Example&lt;/&gt;</TDLINE>
     </TLINE>
     <TLINE>
      <TDFORMAT>M5</TDFORMAT>
      <TDLINE>Exclude: Mc_Mb_Export,     Mc_Mb_View,     Mc_Fc_Print,   Mc_Fc_Print_Ba</TDLINE>
     </TLINE>
     <TLINE>
      <TDFORMAT>=</TDFORMAT>
      <TDLINE>ck,</TDLINE>
     </TLINE>
     <TLINE>
      <TDFORMAT>/</TDFORMAT>
      <TDLINE>         Mc_Fc_Print_Prev, Mc_Fc_Graph,    Mc_Fc_Detail,  Mc_Fc_SubTot,</TDLINE>
     </TLINE>
     <TLINE>
      <TDFORMAT>/</TDFORMAT>
      <TDLINE>         Mc_Fc_Sum,        Mc_Mb_Sum,      Mc_Mb_Paste,   Mc_Fc_Loc_Cut,</TDLINE>
     </TLINE>
     <TLINE>
      <TDFORMAT>/</TDFORMAT>
      <TDLINE>         Mc_Fc_Loc_Copy,   Mc_Fc_Refresh.</TDLINE>
     </TLINE>
     <TLINE>
      <TDFORMAT>U2</TDFORMAT>
      <TDLINE>Get_Local_Data</TDLINE>
     </TLINE>
     <TLINE>
      <TDFORMAT>AS</TDFORMAT>
      <TDLINE>Gets a copy of the local data specified by type.  The base class stores</TDLINE>
     </TLINE>
     <TLINE>
      <TDLINE>a pointer to the local data but it does not have any knowledwge of what</TDLINE>
     </TLINE>
     <TLINE>
      <TDLINE>type this data is.  This macro gets the actal local data into a</TDLINE>
     </TLINE>
     <TLINE>
      <TDLINE>&lt;DS:ABAP.FIELD-SYMBOLS&gt;field symbol&lt;/&gt; called &lt;F_DISPLAY_TABLE&gt;.</TDLINE>
     </TLINE>
     <TLINE>
      <TDFORMAT>AS</TDFORMAT>
      <TDLINE>&lt;zh&gt;Parameters.&lt;/&gt;. &amp;1 Data type to return</TDLINE>
     </TLINE>
     <TLINE>
      <TDFORMAT>U2</TDFORMAT>
      <TDLINE>&amp;SELECTION&amp;</TDLINE>
     </TLINE>
     <TLINE>
      <TDFORMAT>AS</TDFORMAT>
     </TLINE>
     <TLINE>
      <TDFORMAT>U2</TDFORMAT>
      <TDLINE>&amp;STANDARD_VARIANTS&amp;</TDLINE>
     </TLINE>
     <TLINE>
      <TDFORMAT>AS</TDFORMAT>
     </TLINE>
     <TLINE>
      <TDFORMAT>U2</TDFORMAT>
      <TDLINE>&amp;OUTPUT&amp;</TDLINE>
     </TLINE>
     <TLINE>
      <TDFORMAT>AS</TDFORMAT>
     </TLINE>
     <TLINE>
      <TDFORMAT>U1</TDFORMAT>
      <TDLINE>&amp;ACTIVITIES&amp;</TDLINE>
     </TLINE>
     <TLINE>
      <TDFORMAT>AS</TDFORMAT>
     </TLINE>
     <TLINE>
      <TDFORMAT>U1</TDFORMAT>
      <TDLINE>&amp;EXAMPLE&amp;</TDLINE>
     </TLINE>
     <TLINE>
      <TDFORMAT>AS</TDFORMAT>
     </TLINE>
     <TLINE/>
     <TLINE/>
     <TLINE/>
     <TLINE/>
     <TLINE/>
     <TLINE/>
     <TLINE/>
     <TLINE/>
    </LINES>
   </DOC>
  </asx:values>
 </asx:abap>
</abapGit>
