﻿<?xml version="1.0" encoding="utf-8"?>
<abapGit version="v1.0.0" serializer="LCL_OBJECT_DOCT" serializer_version="v1.0.0">
 <asx:abap xmlns:asx="http://www.sap.com/abapxml" version="1.0">
  <asx:values>
   <DOC>
    <HEAD>
     <TDOBJECT>DOKU</TDOBJECT>
     <TDNAME>ZTALV_FIND</TDNAME>
     <TDID>TX</TDID>
     <TDSPRAS>E</TDSPRAS>
     <TDFORM>S_DOCU_SHOW</TDFORM>
     <TDSTYLE>S_DOCUS1</TDSTYLE>
     <TDVERSION>00001</TDVERSION>
     <TDLINESIZE>072</TDLINESIZE>
    </HEAD>
    <LINES>
     <TLINE>
      <TDFORMAT>U3</TDFORMAT>
      <TDLINE>Find and Find Next.</TDLINE>
     </TLINE>
     <TLINE>
      <TDFORMAT>AS</TDFORMAT>
      <TDLINE>You can search an ALV grid for the occurence of texts using the @13@</TDLINE>
     </TLINE>
     <TLINE>
      <TDLINE>&lt;00807&gt; button.</TDLINE>
     </TLINE>
     <TLINE>
      <TDFORMAT>AS</TDFORMAT>
      <TDLINE>Clicking this button displays the search window.</TDLINE>
     </TLINE>
     <TLINE>
      <TDFORMAT>/</TDFORMAT>
     </TLINE>
     <TLINE>
      <TDFORMAT>/:</TDFORMAT>
      <TDLINE>BITMAP &apos;ZTALV_FIND&apos; OBJECT GRAPHICS ID BMAP TYPE BCOL</TDLINE>
     </TLINE>
     <TLINE>
      <TDFORMAT>/</TDFORMAT>
     </TLINE>
     <TLINE>
      <TDFORMAT>AS</TDFORMAT>
      <TDLINE>Enter the term that you are looking for in the search term field and</TDLINE>
     </TLINE>
     <TLINE>
      <TDLINE>select the direction that you wish to search in using the drop down list</TDLINE>
     </TLINE>
     <TLINE>
      <TDLINE>provided.</TDLINE>
     </TLINE>
     <TLINE>
      <TDFORMAT>AS</TDFORMAT>
      <TDLINE>If you wish to make sure that the text that you find (or &apos;hit&apos;) is a</TDLINE>
     </TLINE>
     <TLINE>
      <TDLINE>complete word and not part of a word check the &apos;Find only&apos; check box.</TDLINE>
     </TLINE>
     <TLINE>
      <TDFORMAT>AS</TDFORMAT>
      <TDLINE>To just display the number of time the search term occurs,  rther than</TDLINE>
     </TLINE>
     <TLINE>
      <TDLINE>visiting each occurence,  check the &apos;Display Number&apos; check box.</TDLINE>
     </TLINE>
     <TLINE>
      <TDFORMAT>AS</TDFORMAT>
      <TDLINE>To find the first and subsequent occurences of the search term press the</TDLINE>
     </TLINE>
     <TLINE>
      <TDLINE>&apos;Enter&apos; key or click the @01@ (&lt;00769&gt;) green tick.  The @02@ (&lt;00770&gt;)</TDLINE>
     </TLINE>
     <TLINE>
      <TDLINE>red cross closes the sarch box.</TDLINE>
     </TLINE>
     <TLINE>
      <TDFORMAT>AS</TDFORMAT>
      <TDLINE>If you then wish to continue the search,  click the &apos;Search Next&apos;</TDLINE>
     </TLINE>
     <TLINE>
      <TDLINE>button which is shown as a pair of binoculars with a plus sign in them:</TDLINE>
     </TLINE>
     <TLINE>
      <TDLINE>@4E@ &lt;(00970&gt;).</TDLINE>
     </TLINE>
    </LINES>
   </DOC>
  </asx:values>
 </asx:abap>
</abapGit>
