﻿<?xml version="1.0" encoding="utf-8"?>
<abapGit version="v1.0.0" serializer="LCL_OBJECT_DOCT" serializer_version="v1.0.0">
 <asx:abap xmlns:asx="http://www.sap.com/abapxml" version="1.0">
  <asx:values>
   <DOC>
    <HEAD>
     <TDOBJECT>DOKU</TDOBJECT>
     <TDNAME>ZTALV_CREATE_VARIANT</TDNAME>
     <TDID>TX</TDID>
     <TDSPRAS>E</TDSPRAS>
     <TDFORM>S_DOCU_SHOW</TDFORM>
     <TDSTYLE>S_DOCUS1</TDSTYLE>
     <TDVERSION>00001</TDVERSION>
     <TDLINESIZE>072</TDLINESIZE>
    </HEAD>
    <LINES>
     <TLINE>
      <TDFORMAT>U3</TDFORMAT>
      <TDLINE>Create Variant.</TDLINE>
     </TLINE>
     <TLINE>
      <TDFORMAT>AS</TDFORMAT>
      <TDLINE>With this report it is possible to create a &apos;</TDLINE>
     </TLINE>
     <TLINE>
      <TDLINE>&lt;DS:GLOS.916A0DB94AA2D311AE6B0060B03C9BBE&gt;Display Variant&lt;/&gt;&apos;.  This</TDLINE>
     </TLINE>
     <TLINE>
      <TDLINE>enables a report to be tailored to the specific requirements of an</TDLINE>
     </TLINE>
     <TLINE>
      <TDLINE>individual user.</TDLINE>
     </TLINE>
     <TLINE>
      <TDFORMAT>AS</TDFORMAT>
      <TDLINE>A Display variant is created using the &lt;01851&gt; Create Variant button.</TDLINE>
     </TLINE>
     <TLINE>
      <TDLINE>Clicking this button displays the following screen:</TDLINE>
     </TLINE>
     <TLINE>
      <TDFORMAT>/</TDFORMAT>
     </TLINE>
     <TLINE>
      <TDFORMAT>/:</TDFORMAT>
      <TDLINE>BITMAP &apos;ZTALV_CREATE_VARIANT&apos; OBJECT GRAPHICS ID BMAP TYPE BCOL</TDLINE>
     </TLINE>
     <TLINE>
      <TDLINE>This window contains 4 tabs:</TDLINE>
     </TLINE>
     <TLINE>
      <TDFORMAT>B1</TDFORMAT>
      <TDLINE>Displayed Columns</TDLINE>
     </TLINE>
     <TLINE>
      <TDFORMAT>B1</TDFORMAT>
      <TDLINE>Sort Order</TDLINE>
     </TLINE>
     <TLINE>
      <TDFORMAT>B1</TDFORMAT>
      <TDLINE>Filter</TDLINE>
     </TLINE>
     <TLINE>
      <TDFORMAT>B1</TDFORMAT>
      <TDLINE>Display</TDLINE>
     </TLINE>
     <TLINE>
      <TDFORMAT>U4</TDFORMAT>
      <TDLINE>Displayed Columns.</TDLINE>
     </TLINE>
     <TLINE>
      <TDFORMAT>AS</TDFORMAT>
      <TDLINE>This tab defines the columns that you wish to display on the report. The</TDLINE>
     </TLINE>
     <TLINE>
      <TDLINE>columns displayed are a subset of all the possible columns defined for</TDLINE>
     </TLINE>
     <TLINE>
      <TDLINE>the report.</TDLINE>
     </TLINE>
     <TLINE>
      <TDFORMAT>/:</TDFORMAT>
      <TDLINE>INCLUDE ZTALV_SELECTING_COLUMNS OBJECT DOKU ID TX</TDLINE>
     </TLINE>
     <TLINE>
      <TDFORMAT>U4</TDFORMAT>
      <TDLINE>Sort Order.</TDLINE>
     </TLINE>
     <TLINE>
      <TDFORMAT>AS</TDFORMAT>
      <TDLINE>The Sort order is defined in an almost identical fashion to selecting</TDLINE>
     </TLINE>
     <TLINE>
      <TDLINE>the columns to be displayed:</TDLINE>
     </TLINE>
     <TLINE>
      <TDFORMAT>/</TDFORMAT>
     </TLINE>
     <TLINE>
      <TDFORMAT>/:</TDFORMAT>
      <TDLINE>BITMAP &apos;ZTALV_VARIANT_SORT_ORDER&apos; OBJECT GRAPHICS ID BMAP TYPE BCOL</TDLINE>
     </TLINE>
     <TLINE>
      <TDFORMAT>AS</TDFORMAT>
      <TDLINE>In addition the Sort direction (Up or down) is defined  by selecting</TDLINE>
     </TLINE>
     <TLINE>
      <TDLINE>theappropriate radio button.</TDLINE>
     </TLINE>
     <TLINE>
      <TDFORMAT>U4</TDFORMAT>
      <TDLINE>Filter.</TDLINE>
     </TLINE>
     <TLINE>
      <TDFORMAT>AS</TDFORMAT>
      <TDLINE>Defining Filters for the report is carried ount using the Filter Tab.</TDLINE>
     </TLINE>
     <TLINE>
      <TDLINE> This is a two step process.  Select the Columns to filter on using the</TDLINE>
     </TLINE>
     <TLINE>
      <TDLINE>same method as selecting the columns to display.  Then,  when the</TDLINE>
     </TLINE>
     <TLINE>
      <TDLINE>FilterColumns have been defined you will be prompted for the values to</TDLINE>
     </TLINE>
     <TLINE>
      <TDLINE>filter the report by.</TDLINE>
     </TLINE>
     <TLINE>
      <TDFORMAT>U4</TDFORMAT>
      <TDLINE>Layout.</TDLINE>
     </TLINE>
     <TLINE>
      <TDFORMAT>AS</TDFORMAT>
      <TDLINE>The Layout of the report allows you to define various display attributes</TDLINE>
     </TLINE>
     <TLINE>
      <TDLINE>such as whether the report is shown with striped lines,  whether the</TDLINE>
     </TLINE>
     <TLINE>
      <TDLINE>totals appear at the top or the bottom of the report:</TDLINE>
     </TLINE>
     <TLINE>
      <TDFORMAT>/</TDFORMAT>
     </TLINE>
     <TLINE>
      <TDFORMAT>/:</TDFORMAT>
      <TDLINE>BITMAP &apos;ZTALV_VARIANT_LAYOUT&apos; OBJECT GRAPHICS ID BMAP TYPE BCOL</TDLINE>
     </TLINE>
     <TLINE>
      <TDFORMAT>AS</TDFORMAT>
      <TDLINE>The various options are selected by clicking the relevant check box.</TDLINE>
     </TLINE>
     <TLINE>
      <TDFORMAT>AS</TDFORMAT>
      <TDLINE>Once you have finished defining a Display variant,  clicking the</TDLINE>
     </TLINE>
     <TLINE>
      <TDLINE>&lt;00861&gt;Save Button allows you to save the display variant for anyones</TDLINE>
     </TLINE>
     <TLINE>
      <TDLINE>use.</TDLINE>
     </TLINE>
     <TLINE>
      <TDFORMAT>U3</TDFORMAT>
      <TDLINE>Selecting A Layout.</TDLINE>
     </TLINE>
     <TLINE>
      <TDFORMAT>AS</TDFORMAT>
      <TDLINE>Existing layouts can be selected by using the &lt;01495&gt; Button.  This will</TDLINE>
     </TLINE>
     <TLINE>
      <TDLINE>display a screen similar to the following:</TDLINE>
     </TLINE>
     <TLINE>
      <TDFORMAT>/:</TDFORMAT>
      <TDLINE>BITMAP &apos;ZTALV_VARIANT_SELECT&apos; OBJECT GRAPHICS ID BMAP TYPE BCOL</TDLINE>
     </TLINE>
     <TLINE>
      <TDFORMAT>AS</TDFORMAT>
      <TDLINE>To select the required variant,  click the layout name required.</TDLINE>
     </TLINE>
     <TLINE>
      <TDFORMAT>U3</TDFORMAT>
      <TDLINE>Saving a layout.</TDLINE>
     </TLINE>
     <TLINE>
      <TDFORMAT>AS</TDFORMAT>
      <TDLINE>If you have defined a layout and not saved it,  or have made changes to</TDLINE>
     </TLINE>
     <TLINE>
      <TDLINE>an existing layout by using the sort and filter buttons,  these changes</TDLINE>
     </TLINE>
     <TLINE>
      <TDLINE>can be saved without having to go via the &apos;Create Variant&apos; screens</TDLINE>
     </TLINE>
     <TLINE>
      <TDLINE>first.</TDLINE>
     </TLINE>
     <TLINE>
      <TDFORMAT>AS</TDFORMAT>
      <TDLINE>By clicking the &lt;01496&gt; button,  you will be prompted to save the</TDLINE>
     </TLINE>
     <TLINE>
      <TDLINE>current layout.  Layout names must start with a &apos;/&apos; character.  The</TDLINE>
     </TLINE>
     <TLINE>
      <TDLINE>remaining characters after that should provide a descriptive name.  A</TDLINE>
     </TLINE>
     <TLINE>
      <TDLINE>description should be provided in the &apos;Name&apos; (??) field.</TDLINE>
     </TLINE>
     <TLINE>
      <TDFORMAT>AS</TDFORMAT>
      <TDLINE>Clicking the &lt;00769&gt; Green tick then saves the layout.  To cancel</TDLINE>
     </TLINE>
     <TLINE>
      <TDLINE>saving,  click the &lt;00770&gt; Red Cross.</TDLINE>
     </TLINE>
     <TLINE/>
     <TLINE/>
     <TLINE/>
     <TLINE/>
    </LINES>
   </DOC>
  </asx:values>
 </asx:abap>
</abapGit>
