﻿<?xml version="1.0" encoding="utf-8"?>
<abapGit version="v1.0.0" serializer="LCL_OBJECT_DOCT" serializer_version="v1.0.0">
 <asx:abap xmlns:asx="http://www.sap.com/abapxml" version="1.0">
  <asx:values>
   <DOC>
    <HEAD>
     <TDOBJECT>DOKU</TDOBJECT>
     <TDNAME>ZTALV_COPY_TEXT_ROW</TDNAME>
     <TDID>TX</TDID>
     <TDSPRAS>E</TDSPRAS>
     <TDFORM>S_DOCU_SHOW</TDFORM>
     <TDSTYLE>S_DOCUS1</TDSTYLE>
     <TDVERSION>00001</TDVERSION>
     <TDLINESIZE>072</TDLINESIZE>
    </HEAD>
    <LINES>
     <TLINE>
      <TDFORMAT>U3</TDFORMAT>
      <TDLINE>Copy Text</TDLINE>
     </TLINE>
     <TLINE>
      <TDFORMAT>AS</TDFORMAT>
      <TDLINE>This @2U@ (&lt;00870&gt;) button copies the selected rows to the clipboard.</TDLINE>
     </TLINE>
     <TLINE>
      <TDLINE> Select the rows to copy using the selection techniques outlined above</TDLINE>
     </TLINE>
     <TLINE>
      <TDLINE>and then click this button.  The selected rows will be copied to the</TDLINE>
     </TLINE>
     <TLINE>
      <TDLINE>clipboard.</TDLINE>
     </TLINE>
    </LINES>
   </DOC>
  </asx:values>
 </asx:abap>
</abapGit>
