﻿<?xml version="1.0" encoding="utf-8"?>
<abapGit version="v1.0.0" serializer="LCL_OBJECT_DOCT" serializer_version="v1.0.0">
 <asx:abap xmlns:asx="http://www.sap.com/abapxml" version="1.0">
  <asx:values>
   <DOC>
    <HEAD>
     <TDOBJECT>DOKU</TDOBJECT>
     <TDNAME>ZTALV_SELECT</TDNAME>
     <TDID>TX</TDID>
     <TDSPRAS>E</TDSPRAS>
     <TDFORM>S_DOCU_SHOW</TDFORM>
     <TDSTYLE>S_DOCUS1</TDSTYLE>
     <TDVERSION>00001</TDVERSION>
     <TDLINESIZE>072</TDLINESIZE>
    </HEAD>
    <LINES>
     <TLINE>
      <TDFORMAT>U3</TDFORMAT>
      <TDLINE>Selections.</TDLINE>
     </TLINE>
     <TLINE>
      <TDFORMAT>AS</TDFORMAT>
      <TDLINE>When a row is selected on a report,  it means that whatever the user</TDLINE>
     </TLINE>
     <TLINE>
      <TDLINE>does next will be applied only to the rows that have been selected.</TDLINE>
     </TLINE>
     <TLINE>
      <TDFORMAT>AS</TDFORMAT>
      <TDLINE>The rows in a report can be selected in a variety of ways,  either</TDLINE>
     </TLINE>
     <TLINE>
      <TDLINE>singularly or in groups.</TDLINE>
     </TLINE>
     <TLINE>
      <TDFORMAT>U4</TDFORMAT>
      <TDLINE>Selecting and deselecting a single line.</TDLINE>
     </TLINE>
     <TLINE>
      <TDFORMAT>AS</TDFORMAT>
      <TDLINE>To select or deselect a single line,  click the square box situated at</TDLINE>
     </TLINE>
     <TLINE>
      <TDLINE>the very left of the row you wish to select:</TDLINE>
     </TLINE>
     <TLINE>
      <TDFORMAT>/</TDFORMAT>
     </TLINE>
     <TLINE>
      <TDFORMAT>/:</TDFORMAT>
      <TDLINE>BITMAP &apos;ZTALV_SELECTED_RED&apos; OBJECT GRAPHICS ID BMAP TYPE BCOL DPI 150</TDLINE>
     </TLINE>
     <TLINE>
      <TDFORMAT>AS</TDFORMAT>
      <TDLINE>When a row is selected this box has a sunken appearance and the line has</TDLINE>
     </TLINE>
     <TLINE>
      <TDLINE>an orange background.</TDLINE>
     </TLINE>
     <TLINE>
      <TDFORMAT>AS</TDFORMAT>
      <TDLINE>To deselect a selected line,  click the box again.</TDLINE>
     </TLINE>
     <TLINE>
      <TDFORMAT>U4</TDFORMAT>
      <TDLINE>Selecting and deselecting multiple rows.</TDLINE>
     </TLINE>
     <TLINE>
      <TDFORMAT>AS</TDFORMAT>
      <TDLINE>Multiple rows can be selected using either the mouse and keyboard or</TDLINE>
     </TLINE>
     <TLINE>
      <TDLINE>buttons located on the tool bar.</TDLINE>
     </TLINE>
     <TLINE>
      <TDFORMAT>AS</TDFORMAT>
      <TDLINE>&lt;ZH&gt;Selecting Rows With The Mouse And Keyboard.&lt;/&gt;</TDLINE>
     </TLINE>
     <TLINE>
      <TDFORMAT>AS</TDFORMAT>
      <TDLINE>To select a contiguous block of rows (ie one with no gaps in it),</TDLINE>
     </TLINE>
     <TLINE>
      <TDLINE>selectthe first row as explained above.  Then,  while holding the</TDLINE>
     </TLINE>
     <TLINE>
      <TDLINE>[SHIFT] key down,  click the last row in the range you wish to select.</TDLINE>
     </TLINE>
     <TLINE>
      <TDLINE> If the rows are already selected,  they will be deselected.</TDLINE>
     </TLINE>
     <TLINE>
      <TDFORMAT>AS</TDFORMAT>
      <TDLINE>To select lines that are not in a single block,  the individual lines</TDLINE>
     </TLINE>
     <TLINE>
      <TDLINE>can be selected by clicking the selection box for each row whilst</TDLINE>
     </TLINE>
     <TLINE>
      <TDLINE>holding down the [CTRL] key.</TDLINE>
     </TLINE>
     <TLINE>
      <TDFORMAT>AS</TDFORMAT>
      <TDLINE>&lt;ZH&gt;Selecting Rows using buttons.&lt;/&gt;</TDLINE>
     </TLINE>
     <TLINE>
      <TDFORMAT>AS</TDFORMAT>
      <TDLINE>There are three buttons that are associated with selecting rows in a</TDLINE>
     </TLINE>
     <TLINE>
      <TDLINE>report.  These are:</TDLINE>
     </TLINE>
     <TLINE>
      <TDFORMAT>B1</TDFORMAT>
      <TDLINE>@4B@ (&lt;00967&gt;) Select All.</TDLINE>
     </TLINE>
     <TLINE>
      <TDFORMAT>/</TDFORMAT>
      <TDLINE>The @4B@ (&lt;00967&gt;) Select All button when clicked,  selects all rows in</TDLINE>
     </TLINE>
     <TLINE>
      <TDLINE>the</TDLINE>
     </TLINE>
     <TLINE>
      <TDFORMAT>/</TDFORMAT>
      <TDLINE>report.</TDLINE>
     </TLINE>
     <TLINE>
      <TDFORMAT>B1</TDFORMAT>
      <TDLINE>@4D@ (&lt;00969&gt;) Deselect All.</TDLINE>
     </TLINE>
     <TLINE>
      <TDFORMAT>/</TDFORMAT>
      <TDLINE>The Deselect All button deselects all items on the report.</TDLINE>
     </TLINE>
     <TLINE>
      <TDFORMAT>B1</TDFORMAT>
      <TDLINE>@4C@ (&lt;00968&gt;) Select Block.</TDLINE>
     </TLINE>
     <TLINE>
      <TDFORMAT>/</TDFORMAT>
      <TDLINE>The Select Block button selects a block of rows that will have some</TDLINE>
     </TLINE>
     <TLINE>
      <TDLINE>action performed on them by the button press immediately after selecting</TDLINE>
     </TLINE>
     <TLINE>
      <TDLINE>the end of the block of lines.</TDLINE>
     </TLINE>
     <TLINE>
      <TDFORMAT>/</TDFORMAT>
      <TDLINE>Place the cursor on the first line of the block and click the &lt;00968&gt;</TDLINE>
     </TLINE>
     <TLINE>
      <TDLINE>Select block button.  You will then be prompted to select the last line</TDLINE>
     </TLINE>
     <TLINE>
      <TDLINE>of the block (this does not happen all of the time...)  Click the Green</TDLINE>
     </TLINE>
     <TLINE>
      <TDLINE>Tick @01@ &lt;00769&gt; to continue.  Place the cursor on the last line of the</TDLINE>
     </TLINE>
     <TLINE>
      <TDLINE>block and click the @4C@ (&lt;00968&gt;) Select Block button. The block of</TDLINE>
     </TLINE>
     <TLINE>
      <TDLINE>lines is then highlighted:</TDLINE>
     </TLINE>
     <TLINE>
      <TDFORMAT>/</TDFORMAT>
     </TLINE>
     <TLINE>
      <TDFORMAT>/:</TDFORMAT>
      <TDLINE>BITMAP &apos;ZTALV_SEL_BLOCK&apos; OBJECT GRAPHICS ID BMAP TYPE BCOL DPI 150</TDLINE>
     </TLINE>
     <TLINE>
      <TDFORMAT>/</TDFORMAT>
      <TDLINE>Clicking the @4B@ (&lt;00967&gt;) Select All button will then select all the</TDLINE>
     </TLINE>
     <TLINE>
      <TDLINE>rows in the highlighted block.  Clicking the @4D@ (&lt;00969&gt;) Deselect All</TDLINE>
     </TLINE>
     <TLINE>
      <TDLINE>button deselects all the highlighted rows.</TDLINE>
     </TLINE>
     <TLINE>
      <TDFORMAT>*</TDFORMAT>
     </TLINE>
    </LINES>
   </DOC>
  </asx:values>
 </asx:abap>
</abapGit>
