﻿<?xml version="1.0" encoding="utf-8"?>
<abapGit version="v1.0.0" serializer="LCL_OBJECT_DOCT" serializer_version="v1.0.0">
 <asx:abap xmlns:asx="http://www.sap.com/abapxml" version="1.0">
  <asx:values>
   <DOC>
    <HEAD>
     <TDOBJECT>DOKU</TDOBJECT>
     <TDNAME>ZTALV_SORTING</TDNAME>
     <TDID>TX</TDID>
     <TDSPRAS>E</TDSPRAS>
     <TDFORM>S_DOCU_SHOW</TDFORM>
     <TDSTYLE>S_DOCUS1</TDSTYLE>
     <TDVERSION>00001</TDVERSION>
     <TDLINESIZE>072</TDLINESIZE>
    </HEAD>
    <LINES>
     <TLINE>
      <TDFORMAT>U3</TDFORMAT>
      <TDLINE>Sorting Information.</TDLINE>
     </TLINE>
     <TLINE>
      <TDFORMAT>AS</TDFORMAT>
      <TDLINE>The information displayed on the report can be sorted by using one  of</TDLINE>
     </TLINE>
     <TLINE>
      <TDLINE>the sort buttons on the tool bar.</TDLINE>
     </TLINE>
     <TLINE>
      <TDFORMAT>AS</TDFORMAT>
      <TDLINE>@3E@ (&lt;00890&gt;) will sort the relevant information from the lowest value</TDLINE>
     </TLINE>
     <TLINE>
      <TDLINE>to the highest value.</TDLINE>
     </TLINE>
     <TLINE>
      <TDFORMAT>AS</TDFORMAT>
      <TDLINE>@3F@ (&lt;00891&gt;) will sort the information from the highest value to the</TDLINE>
     </TLINE>
     <TLINE>
      <TDLINE>lowest.</TDLINE>
     </TLINE>
     <TLINE>
      <TDFORMAT>AS</TDFORMAT>
      <TDLINE>If you wish to sort the information on the report by one or more</TDLINE>
     </TLINE>
     <TLINE>
      <TDLINE>columns,  all in the same direction (either up or down), the easiest</TDLINE>
     </TLINE>
     <TLINE>
      <TDLINE>wayto do this is to select the column(s) that you wish to sort by and</TDLINE>
     </TLINE>
     <TLINE>
      <TDLINE>then click the relevant sort button.</TDLINE>
     </TLINE>
     <TLINE>
      <TDFORMAT>/:</TDFORMAT>
      <TDLINE>INCLUDE ZTALV_SELECTING_COLUMNS OBJECT DOKU ID TX</TDLINE>
     </TLINE>
     <TLINE>
      <TDFORMAT>AS</TDFORMAT>
      <TDLINE>Should you wish to construct a more complicated sort order,  you can do</TDLINE>
     </TLINE>
     <TLINE>
      <TDLINE>this by clicking one of the sort buttons without having selected any of</TDLINE>
     </TLINE>
     <TLINE>
      <TDLINE>the columns on the report.</TDLINE>
     </TLINE>
     <TLINE>
      <TDFORMAT>AS</TDFORMAT>
      <TDLINE>This then displays a dialog screen that allows you to specify a</TDLINE>
     </TLINE>
     <TLINE>
      <TDLINE>multi-column/multi-directional sort:</TDLINE>
     </TLINE>
     <TLINE>
      <TDFORMAT>/</TDFORMAT>
     </TLINE>
     <TLINE>
      <TDFORMAT>/:</TDFORMAT>
      <TDLINE>BITMAP &apos;ZTALV_DEFINE_SORT&apos; OBJECT GRAPHICS ID BMAP TYPE BCOL DPI 150</TDLINE>
     </TLINE>
     <TLINE>
      <TDFORMAT>AS</TDFORMAT>
      <TDLINE>Columns are transferred from the &apos;Column Set&apos; list by selecting the</TDLINE>
     </TLINE>
     <TLINE>
      <TDLINE>relevant columns with the mouse.  Again,  multiple columns can be</TDLINE>
     </TLINE>
     <TLINE>
      <TDLINE>selected using the mouse in combination with the [SHIFT] or [CTRL] keys.</TDLINE>
     </TLINE>
     <TLINE>
      <TDFORMAT>AS</TDFORMAT>
      <TDLINE>To move the columns to the &apos;Sort Crtiteria&apos; list click the left pointing</TDLINE>
     </TLINE>
     <TLINE>
      <TDLINE>arrow @0D@ (&lt;00781&gt;).  The sort direction for each column can be</TDLINE>
     </TLINE>
     <TLINE>
      <TDLINE>specified by using the radio buttons on the &apos;Sort Criteria&apos; list:</TDLINE>
     </TLINE>
     <TLINE>
      <TDFORMAT>/</TDFORMAT>
     </TLINE>
     <TLINE>
      <TDFORMAT>/:</TDFORMAT>
      <TDLINE>BITMAP &apos;ZTALV_SORT_DIR&apos; OBJECT GRAPHICS ID BMAP TYPE BCOL DPI 150</TDLINE>
     </TLINE>
     <TLINE>
      <TDFORMAT>AS</TDFORMAT>
      <TDLINE>Fields can be moved up or down the sort order by selecting the field in</TDLINE>
     </TLINE>
     <TLINE>
      <TDLINE>the &apos;Sort Criteria&apos; list and then clicking one of the up or down</TDLINE>
     </TLINE>
     <TLINE>
      <TDLINE>arrows.The single arrow @0H@ (&lt;00785&gt;) or @0I@ (&lt;00786&gt;) moves the field</TDLINE>
     </TLINE>
     <TLINE>
      <TDLINE>up or down one place, the double arrows @HH@ (&lt;01689&gt;) or @HI@ (</TDLINE>
     </TLINE>
     <TLINE>
      <TDFORMAT>=</TDFORMAT>
      <TDLINE>&lt;01690&gt;)move the field to the top o rbottom of the list respectively.</TDLINE>
     </TLINE>
     <TLINE>
      <TDFORMAT>AS</TDFORMAT>
      <TDLINE>Once you are happy with the sort order,  clicking the green tick @01@ (</TDLINE>
     </TLINE>
     <TLINE>
      <TDFORMAT>=</TDFORMAT>
      <TDLINE>&lt;00769&gt;) transfers the sort information to the report.  To abandon any</TDLINE>
     </TLINE>
     <TLINE>
      <TDLINE>changes,  click the red cross @02@ (&lt;00770&gt;).</TDLINE>
     </TLINE>
     <TLINE>
      <TDFORMAT>AS</TDFORMAT>
      <TDLINE>Removing columns from the Sort criteria is almost the reverse of adding</TDLINE>
     </TLINE>
     <TLINE>
      <TDLINE>them to the Sort criteria.  Select the required field in the &apos;Sort</TDLINE>
     </TLINE>
     <TLINE>
      <TDLINE>Criteria&apos; list and then click the right arrow @0E@ (&lt;00782&gt;).</TDLINE>
     </TLINE>
     <TLINE>
      <TDFORMAT>U3</TDFORMAT>
      <TDLINE>Totalling.</TDLINE>
     </TLINE>
     <TLINE>
      <TDFORMAT>A3</TDFORMAT>
      <TDLINE>The columns on the report can be totalled by selecting one or more</TDLINE>
     </TLINE>
     <TLINE>
      <TDLINE>columns and then clicking the @3Z@ (&lt;00955&gt;) Total Button.</TDLINE>
     </TLINE>
     <TLINE>
      <TDFORMAT>/:</TDFORMAT>
      <TDLINE>INCLUDE ZTALV_SELECTING_COLUMNS OBJECT DOKU ID TX</TDLINE>
     </TLINE>
     <TLINE>
      <TDFORMAT>A3</TDFORMAT>
      <TDLINE>If the column selected is a currency or a Unit of measure then the</TDLINE>
     </TLINE>
     <TLINE>
      <TDLINE>totals provided will be totalled by the different units displayed in</TDLINE>
     </TLINE>
     <TLINE>
      <TDLINE>thecolumn.  For example,  if the column was a currency column and it</TDLINE>
     </TLINE>
     <TLINE>
      <TDLINE>contained EUR,  USD and GBP,  three totals would be displayed for the</TDLINE>
     </TLINE>
     <TLINE>
      <TDLINE>three different currencies.</TDLINE>
     </TLINE>
     <TLINE>
      <TDFORMAT>A3</TDFORMAT>
      <TDLINE>Having selected column totals to be displayed,  the report then</TDLINE>
     </TLINE>
     <TLINE>
      <TDLINE>displaysthe Sub Total button: @5V@ (&lt;01023&gt;).  This button should not be</TDLINE>
     </TLINE>
     <TLINE>
      <TDLINE>used on a numeric column,  but rather on the columns that you wish to</TDLINE>
     </TLINE>
     <TLINE>
      <TDLINE>display sub totals for.  Select the columns in the same manner as</TDLINE>
     </TLINE>
     <TLINE>
      <TDLINE>described above and then click the @5V@ (&lt;01023&gt;) button.  This will</TDLINE>
     </TLINE>
     <TLINE>
      <TDLINE>automatically sort the report and then display Sub totals where the</TDLINE>
     </TLINE>
     <TLINE>
      <TDLINE>selected columns values change.</TDLINE>
     </TLINE>
     <TLINE>
      <TDFORMAT>A3</TDFORMAT>
      <TDLINE>To remove the sub totals or totals,  select the original column chosen</TDLINE>
     </TLINE>
     <TLINE>
      <TDLINE>and click the @5V@ (&lt;01023&gt;) button to remove the Sub Totals. Clicking</TDLINE>
     </TLINE>
     <TLINE>
      <TDLINE>the @3Z@ (&lt;00955&gt;) button removes the totalling for that column all</TDLINE>
     </TLINE>
     <TLINE>
      <TDLINE>together.</TDLINE>
     </TLINE>
    </LINES>
   </DOC>
  </asx:values>
 </asx:abap>
</abapGit>
