﻿<?xml version="1.0" encoding="utf-8"?>
<abapGit version="v1.0.0" serializer="LCL_OBJECT_DOCT" serializer_version="v1.0.0">
 <asx:abap xmlns:asx="http://www.sap.com/abapxml" version="1.0">
  <asx:values>
   <DOC>
    <HEAD>
     <TDOBJECT>DOKU</TDOBJECT>
     <TDNAME>ZTALV_HOTSPOTS</TDNAME>
     <TDID>TX</TDID>
     <TDSPRAS>E</TDSPRAS>
     <TDFORM>S_DOCU_SHOW</TDFORM>
     <TDSTYLE>S_DOCUS1</TDSTYLE>
     <TDVERSION>00001</TDVERSION>
     <TDLINESIZE>072</TDLINESIZE>
    </HEAD>
    <LINES>
     <TLINE>
      <TDFORMAT>U2</TDFORMAT>
      <TDLINE>Hotspots.</TDLINE>
     </TLINE>
     <TLINE>
      <TDFORMAT>AS</TDFORMAT>
      <TDLINE>Hotspots are cells in the report that will do something when you</TDLINE>
     </TLINE>
     <TLINE>
      <TDLINE>double click them with the mouse.  Generally a hotspot will have a</TDLINE>
     </TLINE>
     <TLINE>
      <TDLINE>light green colour,  however,  that depends on the theme settings.  It</TDLINE>
     </TLINE>
     <TLINE>
      <TDLINE>will always have an underline and the mouse cursor changes to a pointed</TDLINE>
     </TLINE>
     <TLINE>
      <TDLINE>finger.</TDLINE>
     </TLINE>
     <TLINE/>
     <TLINE/>
     <TLINE/>
     <TLINE/>
     <TLINE/>
     <TLINE/>
     <TLINE/>
     <TLINE/>
     <TLINE/>
     <TLINE/>
    </LINES>
   </DOC>
  </asx:values>
 </asx:abap>
</abapGit>
