﻿<?xml version="1.0" encoding="utf-8"?>
<abapGit version="v1.0.0" serializer="LCL_OBJECT_DOCT" serializer_version="v1.0.0">
 <asx:abap xmlns:asx="http://www.sap.com/abapxml" version="1.0">
  <asx:values>
   <DOC>
    <HEAD>
     <TDOBJECT>DOKU</TDOBJECT>
     <TDNAME>ZTALV_FILTERING</TDNAME>
     <TDID>TX</TDID>
     <TDSPRAS>E</TDSPRAS>
     <TDFORM>S_DOCU_SHOW</TDFORM>
     <TDSTYLE>S_DOCUS1</TDSTYLE>
     <TDVERSION>00001</TDVERSION>
     <TDLINESIZE>072</TDLINESIZE>
    </HEAD>
    <LINES>
     <TLINE>
      <TDFORMAT>U3</TDFORMAT>
      <TDLINE>Filters</TDLINE>
     </TLINE>
     <TLINE>
      <TDFORMAT>AS</TDFORMAT>
      <TDLINE>A Filter is a process that allows you to only display information from</TDLINE>
     </TLINE>
     <TLINE>
      <TDLINE>the main report that you have particular interest in.  A filter is</TDLINE>
     </TLINE>
     <TLINE>
      <TDLINE>different from specifying the same criteria in the Selection screen as</TDLINE>
     </TLINE>
     <TLINE>
      <TDLINE>it can be changed on an adhoc basis and can also include fields that</TDLINE>
     </TLINE>
     <TLINE>
      <TDLINE>arenot specified on the selection screen.</TDLINE>
     </TLINE>
     <TLINE>
      <TDFORMAT>AS</TDFORMAT>
      <TDLINE>A filter will not include information on a report that has not already</TDLINE>
     </TLINE>
     <TLINE>
      <TDLINE>been selected due to the Selection Parameters - what it does is to hide</TDLINE>
     </TLINE>
     <TLINE>
      <TDLINE>information,  allowing you to concentrate on relevant records.</TDLINE>
     </TLINE>
     <TLINE>
      <TDFORMAT>AS</TDFORMAT>
      <TDLINE>There are two buttons on the report that are relevant to filtering. The</TDLINE>
     </TLINE>
     <TLINE>
      <TDLINE>first @4G@ (&lt;00972&gt;) allows you to set a filter,  the second @GL@ (</TDLINE>
     </TLINE>
     <TLINE>
      <TDFORMAT>=</TDFORMAT>
      <TDLINE>&lt;01649&gt;) allows you to remove any filtering.</TDLINE>
     </TLINE>
     <TLINE>
      <TDFORMAT>U4</TDFORMAT>
      <TDLINE>Setting a filter.</TDLINE>
     </TLINE>
     <TLINE>
      <TDFORMAT>AS</TDFORMAT>
      <TDLINE>The easiest way to set a filter is to select the columns that you wish</TDLINE>
     </TLINE>
     <TLINE>
      <TDLINE>to filter the report by and then click the @4G@ (&lt;00972&gt;)filter button.</TDLINE>
     </TLINE>
     <TLINE>
      <TDFORMAT>/:</TDFORMAT>
      <TDLINE>INCLUDE ZTALV_SELECTING_COLUMNS OBJECT DOKU ID TX</TDLINE>
     </TLINE>
     <TLINE>
      <TDFORMAT>AS</TDFORMAT>
      <TDLINE>If you have not selected any columns to filter on,  a dialog screen is</TDLINE>
     </TLINE>
     <TLINE>
      <TDLINE>displayed allowing you to select the relevent columns from a list:</TDLINE>
     </TLINE>
     <TLINE>
      <TDFORMAT>/</TDFORMAT>
     </TLINE>
     <TLINE>
      <TDFORMAT>/:</TDFORMAT>
      <TDLINE>BITMAP &apos;ZTALV_DEFINE_FILTER&apos; OBJECT GRAPHICS ID BMAP TYPE BCOL DPI 150</TDLINE>
     </TLINE>
     <TLINE>
      <TDFORMAT>AS</TDFORMAT>
      <TDLINE>Columns are transferred from the &apos;Column Set&apos; list by selecting the</TDLINE>
     </TLINE>
     <TLINE>
      <TDLINE>relevant columns with the mouse.  Again,  multiple columns can be</TDLINE>
     </TLINE>
     <TLINE>
      <TDLINE>selected using the mouse in combination with the [SHIFT] or [CTRL] keys.</TDLINE>
     </TLINE>
     <TLINE>
      <TDFORMAT>AS</TDFORMAT>
      <TDLINE>To move the columns to the &apos;Filter Crtiteria&apos; list click the left</TDLINE>
     </TLINE>
     <TLINE>
      <TDLINE>pointing arrow @0D@ (&lt;00781&gt;).</TDLINE>
     </TLINE>
     <TLINE>
      <TDFORMAT>AS</TDFORMAT>
      <TDLINE>Fields can be moved up or down the sort order by selecting the field in</TDLINE>
     </TLINE>
     <TLINE>
      <TDLINE>the &apos;Sort Criteria&apos; list and then clicking one of the up or down</TDLINE>
     </TLINE>
     <TLINE>
      <TDLINE>arrows.The single arrow @0H@ (&lt;00785&gt;) or @0G@ (&lt;00786&gt;) moves the field</TDLINE>
     </TLINE>
     <TLINE>
      <TDLINE>up or down one place, the double arrows @HH@ (&lt;01689&gt;) or @HI@ (&lt;01690&gt;)</TDLINE>
     </TLINE>
     <TLINE>
      <TDLINE>move the field to the top orbottom of the list respectively.</TDLINE>
     </TLINE>
     <TLINE>
      <TDFORMAT>AS</TDFORMAT>
      <TDLINE>Removing columns from the filter criteria is almost the reverse of</TDLINE>
     </TLINE>
     <TLINE>
      <TDLINE>adding them to the Filter criteria.  Select the required field in the</TDLINE>
     </TLINE>
     <TLINE>
      <TDLINE>&apos;Filter Criteria&apos; list and then click the right arrow @0E@ (&lt;00782&gt;).</TDLINE>
     </TLINE>
     <TLINE>
      <TDFORMAT>AS</TDFORMAT>
      <TDLINE>Having selected the fields to filter the report by,  the next step is to</TDLINE>
     </TLINE>
     <TLINE>
      <TDLINE>st the filter values.</TDLINE>
     </TLINE>
     <TLINE>
      <TDFORMAT>AS</TDFORMAT>
      <TDLINE>Click the Filter @4G@ (&lt;00972&gt;) button in the lower half of the window.</TDLINE>
     </TLINE>
     <TLINE>
      <TDLINE> The program will then display a screen allowing you specify ranges in</TDLINE>
     </TLINE>
     <TLINE>
      <TDLINE>the same manner as a selection screen to filter the information:</TDLINE>
     </TLINE>
     <TLINE>
      <TDFORMAT>/</TDFORMAT>
     </TLINE>
     <TLINE>
      <TDFORMAT>/:</TDFORMAT>
      <TDLINE>BITMAP &apos;ZTALV_FILTER_VALUES&apos; OBJECT GRAPHICS ID BMAP TYPE BCOL DPI 150</TDLINE>
     </TLINE>
     <TLINE>
      <TDFORMAT>AS</TDFORMAT>
      <TDLINE>Once you are happy with the filter,  clicking the green tick @01@ (</TDLINE>
     </TLINE>
     <TLINE>
      <TDFORMAT>=</TDFORMAT>
      <TDLINE>&lt;00769&gt;) transfers the filter information to the report.  To abandon any</TDLINE>
     </TLINE>
     <TLINE>
      <TDLINE>changes, click the red cross @02@ (&lt;00770&gt;).</TDLINE>
     </TLINE>
     <TLINE>
      <TDFORMAT>U4</TDFORMAT>
      <TDLINE>Clearing A Filter.</TDLINE>
     </TLINE>
     <TLINE>
      <TDFORMAT>AS</TDFORMAT>
      <TDLINE>To remove a filter from the report,  click the Remove Filter @GD@</TDLINE>
     </TLINE>
     <TLINE>
      <TDLINE>(&lt;01649&gt;) button.  This will only be displayed if there is an active</TDLINE>
     </TLINE>
     <TLINE>
      <TDLINE>filter.</TDLINE>
     </TLINE>
    </LINES>
   </DOC>
  </asx:values>
 </asx:abap>
</abapGit>
