﻿<?xml version="1.0" encoding="utf-8"?>
<abapGit version="v1.0.0" serializer="LCL_OBJECT_DOCT" serializer_version="v1.0.0">
 <asx:abap xmlns:asx="http://www.sap.com/abapxml" version="1.0">
  <asx:values>
   <DOC>
    <HEAD>
     <TDOBJECT>DOKU</TDOBJECT>
     <TDNAME>ZTALV_DUPLICATE_ROW</TDNAME>
     <TDID>TX</TDID>
     <TDSPRAS>E</TDSPRAS>
     <TDFORM>S_DOCU_SHOW</TDFORM>
     <TDSTYLE>S_DOCUS1</TDSTYLE>
     <TDVERSION>00001</TDVERSION>
     <TDLINESIZE>072</TDLINESIZE>
    </HEAD>
    <LINES>
     <TLINE>
      <TDFORMAT>U3</TDFORMAT>
      <TDLINE>Duplicate Rows</TDLINE>
     </TLINE>
     <TLINE>
      <TDFORMAT>AS</TDFORMAT>
      <TDLINE>The @14@ &lt;00808&gt; button allows you to copy any selected rows to after</TDLINE>
     </TLINE>
     <TLINE>
      <TDLINE>the currently selected row.</TDLINE>
     </TLINE>
     <TLINE>
      <TDFORMAT>AS</TDFORMAT>
      <TDLINE>Select the rows that you wish to copy using the selectgion techniques</TDLINE>
     </TLINE>
     <TLINE>
      <TDLINE>outlined above.  Place the cursor on the line where you would like the</TDLINE>
     </TLINE>
     <TLINE>
      <TDLINE>selected rows duplicated to and then click the @14@ &lt;00808&gt; button</TDLINE>
     </TLINE>
    </LINES>
   </DOC>
  </asx:values>
 </asx:abap>
</abapGit>
