﻿<?xml version="1.0" encoding="utf-8"?>
<abapGit version="v1.0.0" serializer="LCL_OBJECT_DOCT" serializer_version="v1.0.0">
 <asx:abap xmlns:asx="http://www.sap.com/abapxml" version="1.0">
  <asx:values>
   <DOC>
    <HEAD>
     <TDOBJECT>DOKU</TDOBJECT>
     <TDNAME>ZTALV_UNDO</TDNAME>
     <TDID>TX</TDID>
     <TDSPRAS>E</TDSPRAS>
     <TDFORM>S_DOCU_SHOW</TDFORM>
     <TDSTYLE>S_DOCUS1</TDSTYLE>
     <TDVERSION>00001</TDVERSION>
     <TDLINESIZE>072</TDLINESIZE>
    </HEAD>
    <LINES>
     <TLINE>
      <TDFORMAT>U3</TDFORMAT>
      <TDLINE>Undo.</TDLINE>
     </TLINE>
     <TLINE>
      <TDFORMAT>AS</TDFORMAT>
      <TDLINE>Prior to each operation that may change the grid,  a copy of the</TDLINE>
     </TLINE>
     <TLINE>
      <TDLINE>grid is taken.  This includes work centres as well.  Shgould you find</TDLINE>
     </TLINE>
     <TLINE>
      <TDLINE>that you have made a mistake you can &apos;rewind&apos; any changes that you have</TDLINE>
     </TLINE>
     <TLINE>
      <TDLINE>made by clicking the @2W@ &lt;00872&gt; Undo button.  This will return the</TDLINE>
     </TLINE>
     <TLINE>
      <TDLINE>grid to it&apos;s previous state.  If you have not made any changes to the</TDLINE>
     </TLINE>
     <TLINE>
      <TDLINE>grid this button will not be available.</TDLINE>
     </TLINE>
    </LINES>
   </DOC>
  </asx:values>
 </asx:abap>
</abapGit>
