﻿<?xml version="1.0" encoding="utf-8"?>
<abapGit version="v1.0.0" serializer="LCL_OBJECT_DOCT" serializer_version="v1.0.0">
 <asx:abap xmlns:asx="http://www.sap.com/abapxml" version="1.0">
  <asx:values>
   <DOC>
    <HEAD>
     <TDOBJECT>DOKU</TDOBJECT>
     <TDNAME>ZTALV_NOTE</TDNAME>
     <TDID>TX</TDID>
     <TDSPRAS>E</TDSPRAS>
     <TDFORM>S_DOCU_SHOW</TDFORM>
     <TDSTYLE>S_DOCUS1</TDSTYLE>
     <TDVERSION>00001</TDVERSION>
     <TDLINESIZE>072</TDLINESIZE>
    </HEAD>
    <LINES>
     <TLINE>
      <TDFORMAT>AS</TDFORMAT>
      <TDLINE>&lt;ZH&gt;NOTE:&lt;/&gt; The following sections are general text concerning the use</TDLINE>
     </TLINE>
     <TLINE>
      <TDLINE>of the ALV grids.  These sections may not relate directly to the report</TDLINE>
     </TLINE>
     <TLINE>
      <TDLINE>in front of you in terms of field names etc that may be displayed.</TDLINE>
     </TLINE>
     <TLINE>
      <TDLINE> They are more to show you the techniques involved in using ALV grids.</TDLINE>
     </TLINE>
    </LINES>
   </DOC>
  </asx:values>
 </asx:abap>
</abapGit>
