﻿<?xml version="1.0" encoding="utf-8"?>
<abapGit version="v1.0.0" serializer="LCL_OBJECT_DOCT" serializer_version="v1.0.0">
 <asx:abap xmlns:asx="http://www.sap.com/abapxml" version="1.0">
  <asx:values>
   <DOC>
    <HEAD>
     <TDOBJECT>DOKU</TDOBJECT>
     <TDNAME>ZTALV_SELECTING_COLUMNS</TDNAME>
     <TDID>TX</TDID>
     <TDSPRAS>E</TDSPRAS>
     <TDFORM>S_DOCU_SHOW</TDFORM>
     <TDSTYLE>S_DOCUS1</TDSTYLE>
     <TDVERSION>00001</TDVERSION>
     <TDLINESIZE>072</TDLINESIZE>
    </HEAD>
    <LINES>
     <TLINE>
      <TDFORMAT>U3</TDFORMAT>
      <TDLINE>Selecting Columns.</TDLINE>
     </TLINE>
     <TLINE>
      <TDFORMAT>AS</TDFORMAT>
      <TDLINE>Columns are selected by clicking the column title situated at the top</TDLINE>
     </TLINE>
     <TLINE>
      <TDLINE>ofthe column with the left mouse button.  To select multiple columns</TDLINE>
     </TLINE>
     <TLINE>
      <TDLINE>that are next to each other,  select the first column as above,  and</TDLINE>
     </TLINE>
     <TLINE>
      <TDLINE>then whilst holding down the [Shift] key,  click the last column that</TDLINE>
     </TLINE>
     <TLINE>
      <TDLINE>you wish to select.</TDLINE>
     </TLINE>
     <TLINE>
      <TDFORMAT>AS</TDFORMAT>
      <TDLINE>To select a group of discrete columns (ie columns may have unselected</TDLINE>
     </TLINE>
     <TLINE>
      <TDLINE>columns between them,  select the first column as above and then whilst</TDLINE>
     </TLINE>
     <TLINE>
      <TDLINE>holding the [CTRL] key down,  select the other required columns.</TDLINE>
     </TLINE>
    </LINES>
   </DOC>
  </asx:values>
 </asx:abap>
</abapGit>
