﻿<?xml version="1.0" encoding="utf-8"?>
<abapGit version="v1.0.0" serializer="LCL_OBJECT_DOCT" serializer_version="v1.0.0">
 <asx:abap xmlns:asx="http://www.sap.com/abapxml" version="1.0">
  <asx:values>
   <DOC>
    <HEAD>
     <TDOBJECT>DOKU</TDOBJECT>
     <TDNAME>ZTALV_REFRESH</TDNAME>
     <TDID>TX</TDID>
     <TDSPRAS>E</TDSPRAS>
     <TDFORM>S_DOCU_SHOW</TDFORM>
     <TDSTYLE>S_DOCUS1</TDSTYLE>
     <TDVERSION>00001</TDVERSION>
     <TDLINESIZE>072</TDLINESIZE>
    </HEAD>
    <LINES>
     <TLINE>
      <TDFORMAT>U3</TDFORMAT>
      <TDLINE>Refresh.</TDLINE>
     </TLINE>
     <TLINE>
      <TDFORMAT>AS</TDFORMAT>
      <TDLINE>Clicking the Refresh @42@ (&lt;00958&gt;) button refreshes the data on the</TDLINE>
     </TLINE>
     <TLINE>
      <TDLINE>screen. Inother words,  the program clears out any information that it</TDLINE>
     </TLINE>
     <TLINE>
      <TDLINE>used to display the report initially and re-reads all of the information</TDLINE>
     </TLINE>
     <TLINE>
      <TDLINE>again from the database.</TDLINE>
     </TLINE>
     <TLINE>
      <TDFORMAT>AS</TDFORMAT>
      <TDLINE>This process can lead to loss of data if you have made any changes to</TDLINE>
     </TLINE>
     <TLINE>
      <TDLINE>the information in the ALV Grid.  Always make sure that if needed you</TDLINE>
     </TLINE>
     <TLINE>
      <TDLINE>have always saved your data first before clicking the Refresh button.</TDLINE>
     </TLINE>
    </LINES>
   </DOC>
  </asx:values>
 </asx:abap>
</abapGit>
