﻿<?xml version="1.0" encoding="utf-8"?>
<abapGit version="v1.0.0" serializer="LCL_OBJECT_DOCT" serializer_version="v1.0.0">
 <asx:abap xmlns:asx="http://www.sap.com/abapxml" version="1.0">
  <asx:values>
   <DOC>
    <HEAD>
     <TDOBJECT>DOKU</TDOBJECT>
     <TDNAME>ZTALV_PASTE_MB</TDNAME>
     <TDID>TX</TDID>
     <TDSPRAS>E</TDSPRAS>
     <TDFORM>S_DOCU_SHOW</TDFORM>
     <TDSTYLE>S_DOCUS1</TDSTYLE>
     <TDVERSION>00001</TDVERSION>
     <TDLINESIZE>072</TDLINESIZE>
    </HEAD>
    <LINES>
     <TLINE>
      <TDFORMAT>U3</TDFORMAT>
      <TDLINE>The Paste Menu Button.</TDLINE>
     </TLINE>
     <TLINE>
      <TDFORMAT>AS</TDFORMAT>
      <TDLINE>The @2V@ (&lt;00871&gt;) Menu button when clicked in the main part of the</TDLINE>
     </TLINE>
     <TLINE>
      <TDLINE>button will attempt to paste the contents of the windows clipboard into</TDLINE>
     </TLINE>
     <TLINE>
      <TDLINE>the ALV grid starting at the currently selected row and overwritingthat</TDLINE>
     </TLINE>
     <TLINE>
      <TDLINE>row and any subsequent rows upto the number of lines in the Windows copy</TDLINE>
     </TLINE>
     <TLINE>
      <TDLINE>buffer.  This button will only be active if there is data in the windows</TDLINE>
     </TLINE>
     <TLINE>
      <TDLINE>clipboard.</TDLINE>
     </TLINE>
     <TLINE>
      <TDFORMAT>AS</TDFORMAT>
      <TDLINE>However, this button is also a menu button,  denoted by the small black</TDLINE>
     </TLINE>
     <TLINE>
      <TDLINE>arrow in the lower right corner of the button. If this arrow is clicked</TDLINE>
     </TLINE>
     <TLINE>
      <TDLINE>then two options are displayed.</TDLINE>
     </TLINE>
     <TLINE>
      <TDFORMAT>/</TDFORMAT>
     </TLINE>
     <TLINE>
      <TDFORMAT>/:</TDFORMAT>
      <TDLINE>BITMAP &apos;ZDM_BM02_PASTE_MENU&apos; OBJECT GRAPHICS ID BMAP TYPE BCOL</TDLINE>
     </TLINE>
     <TLINE>
      <TDFORMAT>/</TDFORMAT>
     </TLINE>
     <TLINE>
      <TDFORMAT>AS</TDFORMAT>
      <TDLINE>These two options allow you to paste and overwrite existing rows,  or</TDLINE>
     </TLINE>
     <TLINE>
      <TDLINE>past and insert new rows starting at the currently selected cell.</TDLINE>
     </TLINE>
     <TLINE>
      <TDFORMAT>AS</TDFORMAT>
      <TDLINE>Click the relevant option with the mouse button to select it.</TDLINE>
     </TLINE>
    </LINES>
   </DOC>
  </asx:values>
 </asx:abap>
</abapGit>
