﻿<?xml version="1.0" encoding="utf-8"?>
<abapGit version="v1.0.0" serializer="LCL_OBJECT_DOCT" serializer_version="v1.0.0">
 <asx:abap xmlns:asx="http://www.sap.com/abapxml" version="1.0">
  <asx:values>
   <DOC>
    <HEAD>
     <TDOBJECT>DOKU</TDOBJECT>
     <TDNAME>ZTALV_GRID_TYPES</TDNAME>
     <TDID>TX</TDID>
     <TDSPRAS>E</TDSPRAS>
     <TDFORM>S_DOCU_SHOW</TDFORM>
     <TDSTYLE>S_DOCUS1</TDSTYLE>
     <TDVERSION>00001</TDVERSION>
     <TDLINESIZE>072</TDLINESIZE>
    </HEAD>
    <LINES>
     <TLINE>
      <TDFORMAT>K2</TDFORMAT>
      <TDLINE>Value,,Description,,Function Module</TDLINE>
     </TLINE>
     <TLINE>
      <TDFORMAT>T2</TDFORMAT>
      <TDLINE>0,,Simple List,,REUSE_ALV_LIST_DISPLAY</TDLINE>
     </TLINE>
     <TLINE>
      <TDFORMAT>T2</TDFORMAT>
      <TDLINE>1,,Hierarchcal-sequential list,,REUSE_ALV_HIERSEQ_LIST_D</TDLINE>
     </TLINE>
     <TLINE>
      <TDFORMAT>T2</TDFORMAT>
      <TDLINE>2,,Simple block lis,,REUSE_ALV_BLOCK_LIST_APP</TDLINE>
     </TLINE>
     <TLINE>
      <TDFORMAT>T2</TDFORMAT>
      <TDLINE>3,,Hierarchical-sequential block list,,REUSE_ALV_BLOCK_LIST_HS_</TDLINE>
     </TLINE>
     <TLINE>
      <TDFORMAT>T2</TDFORMAT>
      <TDLINE>4,, Fullscreen,,REUSE_ALV_GRID_DISPLAY</TDLINE>
     </TLINE>
     <TLINE/>
     <TLINE/>
     <TLINE/>
     <TLINE/>
    </LINES>
   </DOC>
  </asx:values>
 </asx:abap>
</abapGit>
